symbol,bar_index,direction,entry,stop,target,rr,rr_eff,outcome,bars_held
frxEURUSD,1937,bullish,1.16895,1.16867,1.17009,4.1,3.9,loss,0
frxEURUSD,4852,bearish,1.16033,1.16056,1.15982,2.33,2.15,win,1
frxEURUSD,5501,bullish,1.13762,1.13735,1.13821,2.18,2.02,win,1
frxEURUSD,9149,bullish,1.16809,1.16772,1.16883,2.06,1.94,win,1
frxEURUSD,10060,bullish,1.15895,1.15884,1.15939,4.18,3.92,loss,0
frxEURUSD,11483,bullish,1.13787,1.1375,1.13867,2.11,2.02,win,1
frxEURUSD,11691,bearish,1.13683,1.13716,1.13595,2.63,2.49,win,2
frxGBPUSD,1461,bearish,1.35278,1.35303,1.3521,2.71,2.55,win,1
frxGBPUSD,4818,bearish,1.34292,1.34314,1.34243,2.17,2.06,loss,0
frxGBPUSD,6516,bullish,1.33793,1.33767,1.33871,2.96,2.79,win,1
frxGBPUSD,8329,bullish,1.34474,1.34428,1.34581,2.32,2.16,win,1
frxGBPUSD,9639,bullish,1.35765,1.35721,1.35839,1.67,1.55,win,1
frxGBPUSD,10260,bullish,1.35163,1.3513,1.35221,1.73,1.64,win,1
frxGBPUSD,11015,bullish,1.3382,1.33799,1.33872,2.54,2.37,loss,0
frxGBPUSD,11836,bullish,1.3227,1.32242,1.32324,1.94,1.85,win,6
frxAUDUSD,204,bearish,0.70537,0.70587,0.70455,1.63,1.53,win,1
frxAUDUSD,751,bullish,0.71721,0.71654,0.71911,2.87,2.79,loss,3
frxAUDUSD,3684,bearish,0.71807,0.71836,0.71758,1.67,1.59,loss,2
frxAUDUSD,4508,bullish,0.6988,0.69841,0.69988,2.8,2.63,win,1
frxAUDUSD,5377,bearish,0.68931,0.68947,0.68836,5.67,5.44,loss,1
frxAUDUSD,6712,bearish,0.69874,0.69908,0.69821,1.54,1.47,win,1
frxAUDUSD,6930,bullish,0.69718,0.69686,0.69779,1.93,1.82,win,1
frxAUDUSD,7835,bullish,0.70284,0.7026,0.7033,1.88,1.78,win,1
frxAUDUSD,9888,bearish,0.71696,0.71718,0.71662,1.57,1.47,win,1
frxAUDUSD,11321,bullish,0.71089,0.71066,0.71145,2.42,2.27,win,1
frxAUDUSD,11370,bearish,0.7111,0.7114,0.70971,4.61,4.49,win,18
frxUSDCAD,1049,bullish,1.36576,1.3653,1.36689,2.5,2.32,win,1
frxUSDCAD,2125,bearish,1.36409,1.36436,1.36324,3.25,3.12,loss,0
frxUSDCAD,2243,bullish,1.36451,1.36419,1.36532,2.5,2.37,win,1
frxUSDCAD,5503,bearish,1.41967,1.42022,1.41853,2.06,1.96,win,1
frxUSDCAD,5889,bullish,1.4206,1.42036,1.42186,5.28,4.96,win,2
frxUSDCHF,1662,bearish,0.79092,0.79127,0.78997,2.74,2.62,win,1
frxUSDCHF,1895,bullish,0.78394,0.78375,0.78433,2.15,1.98,loss,0
frxUSDCHF,2497,bullish,0.78073,0.78055,0.78126,3.02,2.9,win,1
frxUSDCHF,3625,bearish,0.7837,0.78388,0.7831,3.25,3.12,loss,0
frxUSDCHF,5211,bearish,0.80896,0.8092,0.80844,2.2,2.05,win,1
frxUSDCHF,6863,bearish,0.80871,0.80891,0.80766,5.16,4.94,loss,0
frxUSDCHF,7865,bullish,0.81008,0.80871,0.81309,2.2,2.16,loss,6
frxUSDCHF,8503,bearish,0.81089,0.81112,0.8105,1.67,1.56,win,1
frxUSDCHF,10487,bullish,0.8079,0.80743,0.81062,5.9,5.63,loss,0
frxUSDCHF,11489,bullish,0.82326,0.82275,0.82438,2.2,2.08,win,1
frxUSDCHF,11952,bullish,0.83637,0.83609,0.83678,1.51,1.41,win,1
frxUSDJPY,1285,bearish,159.761,159.80403,159.678,1.93,1.84,win,1
frxUSDJPY,2797,bearish,158.8145,158.85781,158.694,2.78,2.62,win,1
frxUSDJPY,5797,bullish,162.694,162.6707,162.735,1.76,1.65,win,1
frxUSDJPY,7583,bearish,163.868,163.8903,163.82,2.15,2.02,win,1
frxUSDJPY,8275,bearish,158.4585,158.48316,158.411,1.93,1.79,win,1
frxUSDJPY,8695,bearish,159.343,159.36839,159.252,3.58,3.41,loss,5
frxUSDJPY,9447,bearish,159.279,159.30914,159.196,2.75,2.57,win,1
frxNZDUSD,1937,bullish,0.58725,0.58687,0.58944,5.76,5.51,win,29
frxNZDUSD,5503,bullish,0.56466,0.56442,0.56586,4.91,4.69,loss,0
frxNZDUSD,8028,bullish,0.58695,0.5867,0.58732,1.53,1.44,win,1
frxNZDUSD,9575,bullish,0.59433,0.59417,0.59491,3.62,3.44,loss,0
frxNZDUSD,9687,bullish,0.59562,0.59544,0.59627,3.65,3.5,win,2
frxNZDUSD,10346,bearish,0.58639,0.58661,0.58569,3.31,3.09,win,1
frxEURGBP,587,bearish,0.8694,0.8696,0.869,2.09,2.01,win,12
frxEURGBP,4361,bullish,0.86277,0.86269,0.8629,1.61,1.52,win,3
frxEURGBP,4594,bearish,0.86345,0.86364,0.86309,1.86,1.74,loss,0
frxEURGBP,6051,bearish,0.8566,0.85672,0.85621,3.2,3.07,win,2
frxEURGBP,6980,bearish,0.84986,0.84991,0.84967,3.34,3.15,win,1
frxEURGBP,8269,bullish,0.85659,0.85628,0.85753,3.03,2.97,loss,0
frxEURGBP,11019,bullish,0.85695,0.85676,0.85739,2.36,2.28,loss,7
frxEURGBP,11288,bearish,0.85744,0.85752,0.85729,1.82,1.72,win,1
frxEURJPY,4561,bullish,185.397,185.36063,185.473,2.09,1.97,win,1
frxEURJPY,5670,bearish,184.8515,184.89603,184.757,2.12,1.99,win,1
frxEURJPY,5893,bullish,184.165,184.0725,184.967,8.67,8.36,loss,0
frxEURJPY,6492,bullish,184.626,184.56193,184.878,3.93,3.84,loss,4
frxEURJPY,6878,bullish,185.8265,185.78656,185.893,1.66,1.59,win,1
frxEURJPY,7511,bullish,186.152,186.12919,186.208,2.45,2.27,loss,0
frxEURJPY,7838,bearish,184.7305,184.89173,183.787,5.85,5.67,loss,3
frxEURJPY,8461,bearish,183.805,183.85514,183.705,1.99,1.89,win,1
frxEURJPY,11460,bearish,180.1785,180.25633,180.02525,1.97,1.88,win,1
frxEURJPY,11698,bullish,178.7155,178.60973,179.343,5.93,5.72,loss,66
frxEURJPY,11961,bearish,178.9185,179.04046,178.3415,4.73,4.55,win,17
frxGBPJPY,4270,bullish,213.9915,213.94857,214.063,1.67,1.55,loss,0
frxGBPJPY,6203,bullish,216.4655,216.3533,216.727,2.33,2.27,win,9
frxGBPJPY,8460,bearish,215.0815,215.14197,214.965,1.93,1.82,win,1
frxGBPJPY,8906,bearish,216.0335,216.07189,215.818,5.61,5.37,loss,8
frxGBPJPY,10892,bullish,209.0695,209.00469,209.227,2.43,2.31,win,1
frxGBPJPY,11012,bearish,208.6895,208.73496,208.366,7.12,6.77,win,1
frxGBPJPY,11273,bullish,210.494,210.43714,210.613,2.09,1.98,win,4
frxAUDJPY,841,bullish,114.194,114.13393,114.377,3.05,2.92,loss,3
frxAUDJPY,2270,bullish,113.5025,113.47983,113.554,2.27,2.12,win,1
frxAUDJPY,3682,bullish,114.4285,114.4073,114.494,3.09,2.89,win,1
frxAUDJPY,4302,bearish,112.987,113.08794,112.819,1.66,1.61,win,1
frxAUDJPY,4507,bullish,112.1815,112.128,112.309,2.38,2.23,win,1
frxAUDJPY,4910,bullish,112.88,112.84007,113.23,8.77,8.45,loss,30
frxAUDJPY,6689,bullish,113.1635,113.12559,113.24,2.02,1.91,win,1
frxAUDJPY,7252,bullish,114.103,114.06949,114.18,2.3,2.15,win,1
frxAUDJPY,7530,bullish,114.4675,114.42831,114.603,3.46,3.31,loss,4
frxAUDJPY,7717,bullish,113.6735,113.58381,114.112,4.89,4.77,loss,38
frxAUDJPY,7937,bearish,109.8535,109.90276,109.385,9.51,9.02,loss,3
frxAUDJPY,8460,bearish,112.3295,112.37049,112.264,1.6,1.5,win,1
frxEURAUD,778,bearish,1.6451,1.64543,1.64074,13.16,12.62,loss,0
frxEURAUD,1048,bullish,1.64114,1.64043,1.64234,1.69,1.58,win,1
frxEURAUD,3412,bullish,1.62156,1.62112,1.62346,4.31,4.09,win,1
frxEURAUD,3995,bearish,1.62813,1.62865,1.62681,2.53,2.43,win,4
frxEURAUD,4718,bullish,1.63962,1.63916,1.64302,7.49,7.25,win,15
frxEURAUD,5380,bullish,1.64673,1.64597,1.64822,1.96,1.87,loss,0
frxEURAUD,7153,bearish,1.62848,1.62879,1.62791,1.84,1.72,win,1
frxEURAUD,7348,bearish,1.63247,1.63279,1.63153,2.93,2.78,win,1
frxEURAUD,8795,bearish,1.63347,1.63381,1.63295,1.51,1.41,loss,1
frxEURAUD,8830,bearish,1.63323,1.63347,1.63286,1.62,1.52,loss,0
frxEURAUD,9204,bullish,1.64228,1.642,1.64451,7.85,7.59,loss,2
frxEURAUD,9299,bullish,1.62892,1.62847,1.62999,2.4,2.32,loss,2
frxEURAUD,10367,bullish,1.61035,1.60991,1.61117,1.84,1.72,win,1
frxEURAUD,11116,bullish,1.61137,1.61101,1.61207,1.92,1.78,win,1
frxGBPAUD,405,bullish,1.90301,1.90272,1.90367,2.35,2.18,win,1
frxGBPAUD,1266,bullish,1.88893,1.88855,1.89056,4.3,4.07,win,5
frxGBPAUD,1606,bullish,1.89132,1.89058,1.89306,2.36,2.2,win,1
frxGBPAUD,4101,bullish,1.88544,1.885,1.88665,2.74,2.55,win,1
frxGBPAUD,4578,bullish,1.90436,1.90378,1.90558,2.08,1.92,win,1
frxGBPAUD,4836,bearish,1.90155,1.90201,1.8994,4.66,4.47,win,4
frxGBPAUD,6131,bullish,1.92661,1.9262,1.92753,2.23,2.08,win,1
frxGBPAUD,6491,bullish,1.92806,1.92748,1.93096,5.0,4.87,win,11
frxGBPAUD,6832,bullish,1.92755,1.92672,1.92917,1.96,1.85,win,1
frxGBPAUD,7348,bearish,1.91053,1.91084,1.90931,3.87,3.68,win,1
frxGBPAUD,7572,bullish,1.90678,1.90608,1.90898,3.14,3.02,win,5
frxGBPAUD,8915,bearish,1.90522,1.90738,1.90189,1.54,1.52,loss,0
frxGBPAUD,10320,bearish,1.87644,1.87673,1.87569,2.55,2.44,loss,0
frxGBPAUD,11836,bullish,1.8918,1.89122,1.89445,4.57,4.3,win,1
frxCADJPY,1048,bullish,116.6445,116.59734,116.724,1.69,1.59,win,1
frxCADJPY,1927,bearish,115.419,115.43949,115.372,2.29,2.2,loss,2
frxCADJPY,2098,bearish,114.7565,114.80524,114.651,2.16,2.05,win,1
frxCADJPY,3242,bullish,115.0825,115.06421,115.153,3.86,3.68,loss,0
frxCADJPY,4663,bearish,114.6255,114.6448,114.589,1.89,1.76,win,1
frxCADJPY,5579,bullish,114.053,114.02913,114.092,1.63,1.56,win,1
frxCADJPY,6491,bullish,114.303,114.26521,114.368,1.72,1.65,win,2
frxCADJPY,9441,bearish,114.9715,114.99379,114.902,3.12,2.9,win,1
frxCADJPY,9869,bearish,115.2865,115.31174,115.2,3.43,3.25,loss,14
frxNZDJPY,822,bearish,93.7975,93.82563,93.724,2.61,2.46,win,1
frxNZDJPY,841,bullish,93.7185,93.6696,93.941,4.55,4.39,loss,3
frxNZDJPY,1173,bearish,94.0795,94.10943,94.007,2.42,2.22,win,1
frxNZDJPY,2746,bearish,92.6945,92.72261,92.637,2.05,1.92,win,1
frxNZDJPY,4882,bearish,93.216,93.2535,93.146,1.87,1.73,win,1
frxNZDJPY,6121,bearish,92.436,92.46017,92.399,1.53,1.43,win,1
frxNZDJPY,6802,bullish,94.8725,94.84321,94.998,4.29,4.06,loss,4
frxNZDJPY,9966,bearish,94.5015,94.57863,94.3388,2.11,1.99,loss,0
cryBTCUSD,1001,bullish,62822.23,62715.43184,63157.25,3.14,2.93,win,1
cryBTCUSD,1081,bearish,61765.2825,61881.89234,61536.1365,1.97,1.83,loss,1
cryBTCUSD,1501,bullish,64340.6985,64263.23669,64485.828,1.87,1.77,win,1
cryBTCUSD,3099,bearish,58516.806,58631.65653,58288.07233,1.99,1.87,win,1
cryBTCUSD,3145,bearish,58495.1365,58599.48056,57773.494,6.92,6.67,loss,2
cryBTCUSD,4965,bullish,64335.4575,64260.11869,64940.154,8.03,7.59,win,1
cryBTCUSD,8172,bearish,77136.447,77246.62131,76901.285,2.13,2.03,win,1
cryBTCUSD,8891,bearish,78055.1635,78088.55374,77961.13,2.82,2.61,loss,0
cryBTCUSD,9743,bearish,78509.2565,78632.43219,77436.179,8.71,8.41,loss,13
cryBTCUSD,10987,bullish,81333.1625,81228.99246,81549.14,2.07,1.92,win,1
cryBTCUSD,11630,bearish,84584.1615,84690.91304,84302.80625,2.64,2.5,loss,0
cryETHUSD,649,bearish,1665.015,1672.7245,1632.535,4.21,4.04,loss,3
cryETHUSD,1222,bullish,1662.93,1659.32553,1677.595,4.07,3.92,loss,1
cryETHUSD,1828,bearish,1768.33,1778.01562,1745.535,2.35,2.21,win,1
cryETHUSD,1997,bullish,1690.09,1685.51825,1699.165,1.99,1.88,win,1
cryETHUSD,6640,bearish,1904.67,1907.137,1891.925,5.17,5.0,loss,16
cryETHUSD,6801,bullish,1923.395,1920.72669,1934.1055,4.01,3.93,loss,3
cryETHUSD,8172,bearish,2416.305,2422.77986,2405.2145,1.71,1.62,win,1
cryETHUSD,9024,bullish,2473.565,2465.80662,2507.625,4.39,4.23,loss,18
cryETHUSD,10587,bullish,2416.36025,2410.52219,2426.765,1.78,1.65,win,1
cryLTCUSD,1636,bearish,45.795,45.88371,45.365,4.85,4.56,loss,26
cryLTCUSD,4015,bearish,44.66,44.74621,44.355,3.54,3.4,win,1
cryLTCUSD,5219,bearish,47.27,47.33229,47.115,2.49,2.3,win,1
cryLTCUSD,5424,bearish,46.2,46.23936,45.955,6.23,5.94,win,9
cryLTCUSD,8383,bullish,52.18248,51.9885,52.91258,3.76,3.6,win,1
cryLTCUSD,8557,bullish,49.875,49.76994,50.285,3.9,3.71,win,2
cryXRPUSD,795,bullish,1.09035,1.08747,1.1003,3.45,3.27,win,1
cryXRPUSD,2236,bullish,1.13755,1.13259,1.1462,1.74,1.65,win,1
cryXRPUSD,2665,bearish,1.0264,1.03062,1.0193,1.68,1.6,loss,0
cryXRPUSD,2831,bearish,1.0465,1.0484,1.0376,4.68,4.47,loss,4
cryXRPUSD,4189,bullish,1.0913,1.0895,1.0945,1.78,1.68,win,1
cryXRPUSD,4974,bearish,1.09865,1.10152,1.0915,2.49,2.36,win,1
cryXRPUSD,5235,bearish,1.13615,1.1371,1.1328,3.54,3.26,win,1
cryXRPUSD,5424,bearish,1.09115,1.09198,1.0844,8.13,7.8,loss,29
cryXRPUSD,6437,bullish,1.07665,1.07493,1.0795,1.66,1.54,win,1
cryXRPUSD,7262,bearish,1.01175,1.01287,1.0093,2.19,2.05,win,1
cryXRPUSD,11559,bearish,1.5154,1.51915,1.5019,3.6,3.46,loss,5
crySOLUSD,1001,bullish,66.05,65.84214,66.85,3.85,3.64,loss,0
crySOLUSD,1205,bearish,65.025,65.17229,64.3,4.92,4.73,loss,2
crySOLUSD,1828,bearish,73.29,73.83186,72.24667,1.93,1.81,win,1
crySOLUSD,1997,bullish,68.47,68.29729,69.24,4.46,4.23,win,1
crySOLUSD,3475,bearish,81.82,81.93614,81.53,2.5,2.33,win,1
crySOLUSD,4974,bearish,76.87,77.16629,76.27333,2.01,1.93,win,1
crySOLUSD,8172,bearish,93.74,94.03686,92.87,2.93,2.79,win,1
crySOLUSD,8405,bearish,101.535,101.87629,100.42,3.27,3.02,win,1
crySOLUSD,11528,bearish,121.115,121.45257,119.79,3.93,3.8,loss,3
