window,symbol,touch_index,direction,entry,stop,target,target_kind,outcome,bars_held,rr_eff
1,frxEURUSD,1061,bullish,1.16566,1.16512,1.16753,london_high,win,1,3.26
1,frxEURUSD,1772,bearish,1.16551,1.16622,1.16252,ny_low,loss,1,4.1
1,frxEURUSD,1794,bearish,1.17332,1.17424,1.1711,ny_low,win,2,2.29
1,frxGBPUSD,503,bearish,1.31407,1.31517,1.31168,PDL,win,19,2.07
1,frxGBPUSD,662,bearish,1.31672,1.31752,1.31459,ny_low,loss,0,2.51
1,frxGBPUSD,970,bullish,1.32071,1.31982,1.32524,london_high,win,18,4.85
1,frxGBPUSD,984,bullish,1.32071,1.31989,1.32686,weekly_high,win,4,7.21
1,frxGBPUSD,992,bullish,1.32255,1.3214,1.32686,weekly_high,loss,2,3.55
1,frxGBPUSD,1494,bullish,1.34786,1.34706,1.35343,weekly_high,loss,1,6.7
1,frxGBPUSD,1566,bullish,1.35014,1.34976,1.35308,weekly_high,loss,0,7.25
1,frxAUDUSD,968,bearish,0.6536,0.654,0.65235,ny_low,loss,2,2.92
1,frxAUDUSD,1383,bullish,0.67065,0.67021,0.67135,swing_high,win,1,1.51
1,frxUSDCAD,612,bullish,1.41145,1.411,1.41341,london_high,loss,3,4.2
1,frxUSDCAD,749,bullish,1.40238,1.40193,1.40465,weekly_high,loss,0,4.85
1,frxUSDCAD,893,bullish,1.41099,1.41063,1.41182,london_high,win,1,2.18
1,frxUSDCAD,1293,bearish,1.37838,1.37903,1.37623,london_low,loss,1,3.16
1,frxUSDCAD,1752,bullish,1.38891,1.38826,1.39287,weekly_high,loss,6,5.79
1,frxUSDCHF,822,bullish,0.80577,0.8052,0.80672,PDH,win,3,1.58
1,frxUSDCHF,867,bullish,0.80816,0.80779,0.80987,weekly_high,loss,0,4.27
1,frxUSDCHF,1226,bearish,0.79582,0.79638,0.79244,weekly_low,loss,0,5.83
1,frxUSDCHF,1383,bearish,0.78787,0.78823,0.78667,PDL,loss,0,3.18
1,frxUSDCHF,1543,bearish,0.79204,0.79243,0.79127,PDL,loss,1,1.83
1,frxUSDCHF,1804,bullish,0.79085,0.79043,0.79206,ny_high,loss,1,2.58
1,frxEURGBP,919,bearish,0.88082,0.88143,0.8789,asia_low,loss,0,2.95
1,frxEURGBP,1159,bearish,0.87418,0.87458,0.87343,asia_low,loss,6,1.74
1,frxEURGBP,1739,bearish,0.86747,0.86778,0.86671,ny_low,win,1,2.29
1,frxEURJPY,1375,bullish,183.9885,183.86693,184.232,london_high,loss,1,1.89
1,frxEURJPY,1497,bullish,184.118,183.99903,184.431,weekly_high,loss,1,2.53
1,frxEURJPY,1859,bullish,184.0015,183.7178,185.574,weekly_high,loss,3,5.28
1,frxGBPJPY,729,bearish,203.8265,203.96227,203.375,ny_low,win,1,3.05
1,frxGBPJPY,1450,bullish,210.7825,210.64531,210.991,ny_high,loss,0,1.43
1,frxGBPJPY,1475,bullish,210.574,210.47161,210.779,ny_high,loss,0,1.89
1,frxGBPJPY,1588,bullish,210.8245,210.68899,211.351,ny_high,loss,1,3.76
1,frxAUDJPY,1024,bullish,102.1385,102.06089,102.367,weekly_high,loss,0,2.75
1,frxAUDJPY,1588,bullish,105.077,104.95747,105.281,weekly_high,loss,1,1.64
1,frxAUDJPY,1589,bullish,104.893,104.81831,105.281,weekly_high,loss,0,4.96
1,frxEURAUD,1024,bearish,1.77459,1.77591,1.77088,asia_low,win,1,2.65
1,frxEURAUD,1699,bearish,1.74425,1.74613,1.73604,asia_low,win,15,4.24
1,frxGBPAUD,504,bearish,2.00918,2.01058,2.0047,ny_low,win,9,3.04
1,frxGBPAUD,556,bearish,2.01115,2.013,2.00736,asia_low,loss,1,1.95
1,frxGBPAUD,568,bearish,2.01273,2.01558,2.00736,asia_low,win,2,1.8
1,frxGBPAUD,988,bearish,2.0211,2.02238,2.01728,weekly_low,loss,0,2.79
1,frxGBPAUD,1505,bearish,2.01858,2.02084,2.01018,weekly_low,win,7,3.6
1,frxCADJPY,733,bullish,109.945,109.86701,110.581,ny_high,loss,0,7.8
1,frxCADJPY,1848,bullish,114.438,114.32331,114.756,weekly_high,loss,0,2.62
1,frxNZDJPY,958,bullish,89.349,89.29841,89.486,asia_high,loss,4,2.52
1,frxGBPCHF,622,bearish,1.05964,1.06017,1.0563,asia_low,loss,1,5.89
1,frxGBPCHF,774,bearish,1.04695,1.04743,1.0448,asia_low,loss,1,4.14
1,frxGBPCHF,918,bearish,1.06358,1.06428,1.06183,ny_low,loss,1,2.33
1,frxGBPCHF,1426,bullish,1.06513,1.06444,1.06862,weekly_high,loss,0,4.89
1,frxEURNZD,742,bearish,2.04811,2.05085,2.04081,weekly_low,loss,20,2.56
1,frxEURNZD,781,bearish,2.05153,2.05326,2.04523,asia_low,win,1,3.45
1,frxEURNZD,1620,bullish,2.0289,2.02768,2.03161,ny_high,win,1,2.08
1,frxEURNZD,1706,bullish,2.02727,2.0256,2.03078,asia_high,loss,1,1.99
1,frxAUDCAD,732,bullish,0.91394,0.91325,0.91895,ny_high,loss,25,6.93
1,frxAUDNZD,697,bearish,1.15705,1.15768,1.15438,london_low,loss,0,4.01
1,frxAUDNZD,907,bearish,1.15269,1.15321,1.15066,asia_low,win,1,3.64
1,frxAUDNZD,1212,bearish,1.14746,1.14807,1.14375,weekly_low,loss,0,5.87
1,frxAUDNZD,1212,bearish,1.14643,1.14686,1.14375,weekly_low,loss,0,5.85
1,frxAUDNZD,1235,bearish,1.14997,1.15097,1.14581,london_low,win,14,4.02
1,frxEURCHF,1246,bullish,0.93518,0.93489,0.93576,london_high,loss,1,1.8
1,frxEURCHF,1269,bullish,0.93328,0.9328,0.93587,asia_high,loss,1,5.25
1,frxEURCHF,1519,bearish,0.92905,0.92956,0.92762,weekly_low,loss,0,2.71
1,frxGBPCAD,852,bearish,1.84458,1.84595,1.83584,ny_low,loss,0,6.1
1,frxGBPCAD,1313,bullish,1.84369,1.84304,1.84979,weekly_high,loss,6,9.04
1,frxGBPCAD,1635,bullish,1.86514,1.86455,1.86732,weekly_high,win,2,3.41
1,frxGBPCAD,1664,bullish,1.86897,1.86819,1.87121,PDH,loss,0,2.74
1,frxGBPCAD,1850,bearish,1.86322,1.8647,1.85756,weekly_low,loss,0,3.71
1,frxGBPNZD,704,bullish,2.31899,2.31715,2.32235,ny_high,loss,0,1.7
1,frxGBPNZD,988,bearish,2.30859,2.31025,2.30443,weekly_low,loss,21,2.37
1,frxGBPNZD,1204,bearish,2.30417,2.30547,2.3009,london_low,loss,0,2.39
1,frxNZDCAD,554,bearish,0.79788,0.79852,0.79651,swing_low,loss,0,2.03
1,frxNZDCAD,657,bearish,0.79188,0.79227,0.78954,weekly_low,loss,4,5.75
1,frxNZDCAD,680,bearish,0.7926,0.79308,0.79175,ny_low,win,1,1.68
1,frxNZDCAD,1426,bearish,0.79656,0.79714,0.79388,weekly_low,win,5,4.42
1,frxNZDCAD,1620,bearish,0.79663,0.79715,0.79571,PDL,win,1,1.63
1,frxNZDCAD,1713,bullish,0.79666,0.79623,0.79805,asia_high,win,2,3.11
1,frxCADCHF,1055,bullish,0.57285,0.57257,0.57435,ny_high,loss,3,5.2
1,frxCADCHF,1119,bullish,0.58195,0.58154,0.5828,swing_high,loss,2,1.97
1,frxCADCHF,1838,bearish,0.57285,0.57333,0.57165,ny_low,loss,0,2.4
1,frxCHFJPY,1417,bullish,198.051,197.94641,198.577,weekly_high,loss,0,4.82
1,frxCHFJPY,1428,bullish,197.76,197.62241,198.577,weekly_high,loss,0,5.65
1,frxCHFJPY,1495,bullish,197.8355,197.71646,198.577,weekly_high,loss,0,6.02
1,cryBTCUSD,685,bullish,109812.5755,109619.94039,110190.759,asia_high,win,5,1.85
1,cryBTCUSD,1398,bearish,86589.739,86971.41773,85232.928,weekly_low,win,1,3.37
1,cryBTCUSD,1409,bearish,87310.0355,87907.4281,85573.656,asia_low,loss,13,2.75
1,cryBTCUSD,2053,bearish,87962.0315,88102.56194,87279.821,london_low,loss,2,4.66
1,cryETHUSD,1106,bearish,3110.455,3131.39142,3020.505,ny_low,win,5,4.09
1,cryETHUSD,1111,bearish,3093.63425,3116.11621,3020.505,ny_low,win,1,3.05
1,cryETHUSD,1281,bearish,2991.91,3026.42933,2902.925,asia_low,loss,0,2.5
1,cryETHUSD,1621,bullish,3320.4,3293.84254,3396.775,PDH,loss,2,2.71
1,cryETHUSD,2533,bullish,3301.9625,3296.94996,3316.955,ny_high,loss,0,2.8
2,frxEURUSD,1895,bearish,1.18754,1.18813,1.18446,asia_low,loss,0,4.89
2,frxEURUSD,2176,bearish,1.18781,1.18845,1.18334,PDL,loss,1,6.67
2,frxEURUSD,2528,bearish,1.16388,1.16487,1.1617,ny_low,win,1,2.07
2,frxEURUSD,2909,bearish,1.15404,1.15463,1.15226,london_low,loss,0,2.82
2,frxEURUSD,2952,bearish,1.15139,1.15214,1.14899,asia_low,loss,0,3.03
2,frxGBPUSD,2009,bearish,1.36967,1.37131,1.36608,asia_low,win,4,2.13
2,frxGBPUSD,2018,bearish,1.3695,1.37105,1.36608,asia_low,loss,11,2.1
2,frxGBPUSD,2528,bearish,1.33749,1.3389,1.33467,ny_low,win,1,1.88
2,frxGBPUSD,2718,bearish,1.33579,1.33689,1.32771,ny_low,loss,16,7.06
2,frxGBPUSD,2806,bearish,1.33197,1.33296,1.32304,weekly_low,loss,0,8.53
2,frxUSDCAD,2089,bullish,1.36356,1.36263,1.36732,weekly_high,loss,1,3.85
2,frxUSDCAD,2466,bullish,1.36772,1.36616,1.3725,weekly_high,loss,0,2.93
2,frxUSDCAD,3139,bullish,1.38235,1.38204,1.38445,ny_high,loss,1,6.35
2,frxUSDCHF,2201,bullish,0.76931,0.76881,0.77023,ny_high,win,1,1.69
2,frxUSDCHF,2283,bullish,0.77154,0.77087,0.774,PDH,loss,0,3.51
2,frxUSDCHF,2360,bullish,0.77537,0.77499,0.77683,PDH,loss,2,3.63
2,frxUSDCHF,2809,bullish,0.78943,0.78845,0.7958,weekly_high,loss,0,6.26
2,frxUSDCHF,2846,bullish,0.78706,0.78616,0.78897,asia_high,win,2,2.0
2,frxUSDCHF,3077,bearish,0.79913,0.79983,0.79616,PDL,win,1,4.04
2,frxUSDJPY,2842,bullish,158.689,158.51874,159.041,ny_high,loss,0,1.96
2,frxUSDJPY,2916,bullish,159.8755,159.77161,160.408,weekly_high,loss,1,4.85
2,frxUSDJPY,2925,bullish,159.526,159.4175,160.408,weekly_high,loss,2,7.78
2,frxUSDJPY,2984,bullish,158.6395,158.50103,159.566,ny_high,win,10,6.41
2,frxUSDJPY,3140,bullish,159.1475,159.09299,159.298,PDH,loss,0,2.54
2,frxUSDJPY,3254,bullish,159.084,159.00187,159.304,PDH,loss,3,2.55
2,frxNZDUSD,2184,bullish,0.60446,0.60368,0.60634,weekly_high,loss,0,2.28
2,frxNZDUSD,2447,bullish,0.5978,0.59681,0.6013,weekly_high,loss,0,3.43
2,frxNZDUSD,2828,bearish,0.58382,0.58446,0.58039,ny_low,loss,1,5.04
2,frxNZDUSD,2963,bearish,0.57566,0.57663,0.5738,weekly_low,win,1,1.81
2,frxEURGBP,2112,bullish,0.87012,0.8694,0.87211,weekly_high,loss,20,2.58
2,frxEURGBP,2341,bullish,0.87298,0.87252,0.87518,weekly_high,loss,27,4.75
2,frxEURGBP,2412,bullish,0.87173,0.87151,0.87238,ny_high,loss,1,2.61
2,frxEURGBP,2618,bearish,0.86525,0.86542,0.86476,asia_low,loss,1,2.58
2,frxEURJPY,1985,bullish,183.4485,183.26953,184.089,weekly_high,loss,0,3.39
2,frxEURJPY,2174,bearish,181.919,182.10154,181.555,london_low,win,1,1.86
2,frxEURJPY,2915,bullish,184.016,183.89314,184.656,weekly_high,loss,5,4.98
2,frxGBPJPY,1984,bullish,211.7445,211.56484,212.472,weekly_high,loss,1,3.8
2,frxGBPJPY,2174,bearish,208.7145,208.90311,208.184,PDL,loss,0,2.62
2,frxGBPJPY,2887,bullish,212.8915,212.71327,213.199,asia_high,loss,7,1.63
2,frxGBPJPY,2994,bearish,211.073,211.23206,210.699,ny_low,win,1,2.21
2,frxAUDJPY,2097,bullish,109.994,109.8144,110.325,weekly_high,loss,0,1.74
2,frxAUDJPY,2966,bullish,109.5145,109.37701,109.803,asia_high,win,3,1.95
2,frxEURAUD,2104,bearish,1.68632,1.6884,1.67627,weekly_low,loss,2,4.68
2,frxEURAUD,2732,bearish,1.62426,1.62547,1.6214,asia_low,win,1,2.26
2,frxEURAUD,3170,bearish,1.65799,1.65914,1.65018,weekly_low,loss,3,6.53
2,frxGBPAUD,1906,bearish,1.97758,1.97954,1.97346,asia_low,win,1,2.0
2,frxGBPAUD,2445,bearish,1.89535,1.89723,1.88966,swing_low,loss,2,2.87
2,frxGBPAUD,2447,bearish,1.89933,1.90112,1.8863,weekly_low,win,9,6.97
2,frxGBPAUD,2629,bearish,1.87669,1.87873,1.87287,swing_low,win,7,1.75
2,frxGBPAUD,2708,bearish,1.88393,1.88509,1.88082,PDL,loss,0,2.47
2,frxGBPAUD,2787,bearish,1.89515,1.89675,1.88732,ny_low,loss,8,4.71
2,frxGBPAUD,2946,bullish,1.92457,1.92268,1.92936,ny_high,loss,0,2.41
2,frxGBPAUD,2984,bullish,1.91998,1.91841,1.92811,ny_high,loss,16,4.95
2,frxGBPAUD,3117,bullish,1.90326,1.9021,1.90972,ny_high,loss,1,5.33
2,frxGBPAUD,3133,bullish,1.89786,1.89694,1.90499,asia_high,win,16,7.39
2,frxGBPAUD,3183,bullish,1.90298,1.90195,1.90821,asia_high,loss,4,4.86
2,frxCADJPY,2174,bearish,112.873,112.97667,112.591,london_low,win,2,2.54
2,frxCADJPY,2519,bullish,114.938,114.76574,115.212,ny_high,win,7,1.52
2,frxCADJPY,2604,bullish,116.114,116.03349,116.291,weekly_high,loss,1,2.03
2,frxCADJPY,2618,bullish,116.4105,116.33706,116.612,PDH,win,1,2.56
2,frxCADJPY,2837,bullish,115.3525,115.26364,115.805,ny_high,loss,5,4.88
2,frxCADJPY,2909,bullish,115.228,115.1686,115.439,asia_high,win,1,3.33
2,frxCADJPY,3023,bearish,114.6425,114.68124,114.386,london_low,loss,22,6.34
2,frxCADJPY,3067,bearish,114.8115,114.87004,114.575,ny_low,loss,0,3.87
2,frxNZDJPY,2106,bullish,93.9825,93.87056,94.661,weekly_high,loss,17,5.79
2,frxNZDJPY,2184,bullish,92.3235,92.20329,93.242,london_high,loss,0,7.29
2,frxNZDJPY,2203,bullish,92.3915,92.24231,92.816,asia_high,loss,3,2.71
2,frxNZDJPY,2285,bullish,92.207,92.10109,92.518,london_high,win,1,2.81
2,frxNZDJPY,2447,bullish,93.2735,93.19207,93.873,weekly_high,loss,0,7.02
2,frxNZDJPY,2519,bullish,93.0645,92.96001,93.225,london_high,loss,1,1.44
2,frxNZDJPY,2566,bullish,93.026,92.92086,93.88,weekly_high,win,36,7.69
2,frxNZDJPY,2969,bearish,91.28,91.39784,90.983,asia_low,loss,2,2.41
2,frxNZDJPY,2994,bearish,91.1265,91.21953,90.916,PDL,loss,0,2.13
2,frxNZDJPY,3242,bearish,93.8835,93.9699,93.735,ny_low,win,1,1.64
2,frxGBPCHF,2138,bearish,1.04844,1.05,1.04606,PDL,win,4,1.45
2,frxGBPCHF,2259,bearish,1.04588,1.04672,1.04398,weekly_low,loss,0,2.14
2,frxGBPCHF,2526,bearish,1.04187,1.04226,1.04091,ny_low,win,1,2.25
2,frxGBPCHF,2689,bullish,1.04641,1.04581,1.05005,weekly_high,loss,0,5.88
2,frxGBPCHF,2741,bullish,1.04898,1.04864,1.04992,asia_high,loss,0,2.55
2,frxEURNZD,1894,bearish,1.99022,1.99207,1.98742,asia_low,loss,1,1.42
2,frxEURNZD,2159,bearish,1.96382,1.9653,1.95015,weekly_low,loss,7,8.83
2,frxEURNZD,2203,bearish,1.96889,1.97045,1.95946,asia_low,win,44,5.79
2,frxEURNZD,2556,bearish,1.97212,1.97419,1.96614,weekly_low,win,2,2.77
2,frxEURNZD,2628,bearish,1.95808,1.96029,1.95412,PDL,win,5,1.69
2,frxEURNZD,3180,bullish,1.99959,1.99871,2.00899,london_high,loss,4,10.04
2,frxAUDCHF,1987,bearish,0.5379,0.53881,0.53319,weekly_low,loss,1,4.98
2,frxAUDCHF,2439,bullish,0.54637,0.54607,0.5497,weekly_high,loss,8,10.54
2,frxAUDCHF,2720,bullish,0.55746,0.55674,0.55958,weekly_high,loss,21,2.79
2,frxAUDNZD,2177,bullish,1.17306,1.17229,1.17563,asia_high,win,4,3.14
2,frxAUDNZD,2436,bullish,1.188,1.18745,1.18916,ny_high,loss,0,1.99
2,frxEURCAD,2604,bearish,1.58194,1.58309,1.57552,weekly_low,loss,0,5.24
2,frxEURCAD,2908,bearish,1.59891,1.5998,1.59698,asia_low,loss,0,2.01
2,frxEURCAD,3022,bullish,1.60611,1.6058,1.60902,london_high,loss,0,8.74
2,frxEURCAD,3152,bullish,1.62151,1.62088,1.62367,weekly_high,loss,0,3.18
2,frxEURCHF,2411,bearish,0.91363,0.91402,0.91138,london_low,loss,0,5.59
2,frxEURCHF,3007,bullish,0.92124,0.9208,0.92205,london_high,win,15,1.73
2,frxGBPCAD,2111,bearish,1.85794,1.86068,1.8486,weekly_low,loss,7,3.32
2,frxGBPCAD,2316,bearish,1.84238,1.8429,1.84071,london_low,loss,0,2.96
2,frxGBPCAD,2415,bearish,1.85372,1.85454,1.84958,ny_low,loss,1,4.77
2,frxGBPCAD,2433,bearish,1.84443,1.8452,1.84143,PDL,loss,1,3.67
2,frxGBPCAD,2601,bearish,1.82723,1.82941,1.81765,weekly_low,loss,4,4.25
2,frxGBPCAD,3162,bullish,1.86152,1.86061,1.86809,weekly_high,loss,0,6.94
2,frxGBPNZD,1906,bearish,2.2936,2.29627,2.28907,asia_low,win,1,1.62
2,frxGBPNZD,2018,bearish,2.26818,2.26999,2.26296,weekly_low,loss,0,2.69
2,frxGBPNZD,2730,bullish,2.27763,2.27671,2.28107,ny_high,win,2,3.49
2,frxGBPNZD,2753,bullish,2.28339,2.28012,2.28889,london_high,loss,7,1.59
2,frxNZDCAD,1894,bullish,0.81869,0.81812,0.82013,london_high,loss,0,2.34
2,frxNZDCAD,1912,bullish,0.81798,0.81741,0.81975,asia_high,win,5,2.86
2,frxNZDCAD,2129,bearish,0.82015,0.8207,0.81886,london_low,loss,5,2.19
2,frxNZDCAD,2146,bearish,0.82006,0.82066,0.81812,asia_low,loss,9,3.05
2,frxNZDCAD,2422,bearish,0.8189,0.81945,0.81695,asia_low,win,17,3.32
2,frxNZDCAD,2573,bearish,0.80168,0.80242,0.7995,weekly_low,win,1,2.69
2,frxNZDCAD,2715,bearish,0.80032,0.80088,0.79884,ny_low,loss,1,2.45
2,frxNZDCHF,2141,bullish,0.46235,0.46155,0.46485,ny_high,win,4,3.04
2,frxNZDCHF,2175,bullish,0.46665,0.46622,0.46785,PDH,loss,1,2.67
2,frxNZDCHF,2323,bearish,0.46347,0.46401,0.46225,weekly_low,win,6,2.18
2,frxNZDCHF,2745,bearish,0.46122,0.46173,0.45985,asia_low,loss,1,2.58
2,frxNZDCHF,3141,bearish,0.46208,0.46232,0.46115,ny_low,win,1,3.47
2,frxNZDCHF,3256,bearish,0.46127,0.46149,0.46075,PDL,win,1,2.31
2,frxCADCHF,2047,bearish,0.5688,0.56939,0.56765,london_low,loss,1,1.88
2,frxCADCHF,2808,bullish,0.57488,0.57427,0.5794,weekly_high,loss,0,7.14
2,frxCADCHF,2841,bullish,0.5732,0.57255,0.5753,ny_high,loss,0,3.09
2,frxCHFJPY,2876,bearish,201.382,201.45109,201.157,asia_low,loss,0,3.03
2,frxCHFJPY,3029,bearish,199.6925,199.7953,199.379,asia_low,win,1,2.88
2,frxCHFJPY,3060,bearish,200.127,200.29966,199.814,ny_low,win,2,1.75
2,frxXAUUSD,2400,bullish,5165.16,5142.07343,5226.37,ny_high,loss,2,2.53
2,cryBTCUSD,3101,bearish,69148.238,69507.55567,68286.795,PDL,loss,0,2.24
2,cryBTCUSD,3565,bearish,66290.048,66761.2384,65452.429,asia_low,win,1,1.67
2,cryBTCUSD,3845,bullish,72330.0975,72047.13579,74020.813,weekly_high,loss,1,5.65
2,cryBTCUSD,3847,bullish,71356.9675,71015.98553,74020.813,weekly_high,loss,1,7.44
2,cryBTCUSD,3892,bullish,71451.2505,71294.86066,72897.43,weekly_high,loss,0,8.84
2,cryETHUSD,4108,bullish,2132.695,2124.07531,2191.895,ny_high,loss,1,6.5
2,cryETHUSD,4226,bearish,2003.735,2010.44947,1991.425,london_low,win,2,1.72
3,frxEURUSD,3265,bullish,1.17646,1.17564,1.17872,ny_high,loss,1,2.56
3,frxEURUSD,3881,bearish,1.16355,1.1638,1.16298,PDL,loss,1,2.04
3,frxEURUSD,4373,bearish,1.1374,1.13783,1.13609,synthetic,win,1,2.89
3,frxGBPUSD,3264,bullish,1.35285,1.3516,1.3555,ny_high,loss,1,1.97
3,frxGBPUSD,3544,bullish,1.35389,1.35282,1.35693,ny_high,win,3,2.72
3,frxGBPUSD,3564,bullish,1.35872,1.35792,1.36579,weekly_high,loss,0,8.31
3,frxGBPUSD,3886,bearish,1.34895,1.34941,1.34744,asia_low,win,1,3.0
3,frxGBPUSD,4328,bearish,1.32225,1.32308,1.31632,weekly_low,loss,0,6.74
3,frxGBPUSD,4329,bearish,1.32418,1.32563,1.31632,weekly_low,loss,2,5.29
3,frxAUDUSD,3806,bullish,0.71241,0.71161,0.71742,PDH,loss,0,5.99
3,frxAUDUSD,4372,bearish,0.69181,0.69237,0.69071,PDL,win,1,1.84
3,frxUSDCAD,3585,bearish,1.36368,1.36413,1.35955,ny_low,loss,0,8.9
3,frxUSDCAD,3608,bearish,1.36684,1.36784,1.36281,asia_low,loss,0,3.91
3,frxUSDCHF,3266,bearish,0.7836,0.7843,0.77754,weekly_low,timeout,,8.26
3,frxUSDCHF,3266,bearish,0.78253,0.783,0.77754,weekly_low,loss,0,10.03
3,frxUSDJPY,3319,bullish,159.107,158.98027,159.443,london_high,win,10,2.52
3,frxUSDJPY,3386,bullish,159.244,159.08651,159.842,weekly_high,loss,24,3.68
3,frxUSDJPY,3614,bearish,156.7215,156.81549,156.184,ny_low,loss,3,5.49
3,frxUSDJPY,4405,bullish,161.6965,161.64096,161.81,weekly_high,loss,0,1.89
3,frxNZDUSD,3265,bullish,0.58852,0.58793,0.58989,ny_high,loss,1,2.18
3,frxNZDUSD,3691,bullish,0.59269,0.59188,0.59411,london_high,win,4,1.69
3,frxNZDUSD,4421,bearish,0.56498,0.56601,0.56342,london_low,win,15,1.46
3,frxNZDUSD,4461,bearish,0.56538,0.5658,0.56401,london_low,loss,6,3.12
3,frxEURGBP,3686,bearish,0.86627,0.86664,0.86531,PDL,loss,10,2.43
3,frxEURGBP,4086,bearish,0.8642,0.8646,0.86306,weekly_low,loss,5,2.68
3,frxEURGBP,4097,bearish,0.86447,0.86476,0.86306,weekly_low,loss,2,4.72
3,frxEURGBP,4311,bearish,0.86712,0.86773,0.86605,ny_low,loss,8,1.66
3,frxEURGBP,4347,bearish,0.86295,0.86316,0.86249,weekly_low,loss,2,2.02
3,frxEURJPY,3979,bullish,185.7035,185.63739,185.984,weekly_high,loss,2,4.05
3,frxGBPJPY,3331,bearish,215.482,215.64643,214.993,ny_low,loss,15,2.85
3,frxGBPJPY,3813,bullish,213.389,213.26497,213.581,london_high,win,1,1.47
3,frxAUDJPY,4236,bearish,113.441,113.52364,113.162,ny_low,loss,4,3.2
3,frxAUDJPY,4373,bearish,111.7895,111.88657,111.593,PDL,win,1,1.91
3,frxAUDJPY,4399,bearish,111.697,111.79381,111.507,asia_low,win,3,1.85
3,frxAUDJPY,4609,bullish,112.292,112.19589,112.517,ny_high,win,2,2.21
3,frxEURAUD,3914,bullish,1.63026,1.6293,1.63825,weekly_high,loss,1,7.93
3,frxEURAUD,4085,bullish,1.6341,1.63302,1.63706,weekly_high,win,5,2.56
3,frxGBPAUD,3321,bearish,1.8874,1.88825,1.88358,asia_low,loss,1,4.23
3,frxGBPAUD,4236,bullish,1.89719,1.89638,1.89976,ny_high,loss,0,2.98
3,frxNZDJPY,3413,bullish,93.772,93.71179,93.887,asia_high,loss,0,1.77
3,frxNZDJPY,3816,bullish,93.158,93.05567,93.404,PDH,win,7,2.29
3,frxNZDJPY,4320,bearish,92.684,92.76789,92.387,weekly_low,win,13,3.44
3,frxGBPCHF,4098,bullish,1.06191,1.06143,1.06382,weekly_high,win,1,3.69
3,frxGBPCHF,4377,bullish,1.06898,1.06859,1.07042,ny_high,win,3,3.52
3,frxEURNZD,4123,bearish,1.98459,1.98628,1.97904,ny_low,loss,2,3.1
3,frxAUDCAD,3265,bullish,0.98089,0.98025,0.98466,ny_high,loss,1,5.56
3,frxAUDCAD,3322,bullish,0.97759,0.97692,0.9795,london_high,loss,4,2.64
3,frxAUDCAD,3589,bullish,0.98541,0.98478,0.9872,ny_high,loss,2,2.7
3,frxAUDCAD,4234,bearish,0.98947,0.98989,0.98759,london_low,loss,0,4.2
3,frxAUDCAD,4392,bearish,0.98257,0.98321,0.98135,asia_low,win,1,1.76
3,frxAUDCHF,4082,bullish,0.56083,0.56045,0.56338,ny_high,loss,2,6.36
3,frxAUDCHF,4109,bullish,0.56166,0.5612,0.56251,asia_high,win,1,1.76
3,frxAUDNZD,3335,bullish,1.21036,1.20943,1.21428,london_high,win,6,4.06
3,frxAUDNZD,3359,bullish,1.21505,1.2144,1.21923,weekly_high,loss,0,6.12
3,frxAUDNZD,3662,bullish,1.21543,1.21506,1.21703,asia_high,loss,0,4.0
3,frxAUDNZD,3927,bearish,1.21084,1.21145,1.20806,PDL,loss,1,4.28
3,frxAUDNZD,4178,bearish,1.21005,1.21084,1.20607,asia_low,loss,0,4.8
3,frxAUDNZD,4247,bearish,1.21279,1.21364,1.21006,ny_low,loss,10,3.12
3,frxAUDNZD,4481,bullish,1.21676,1.21604,1.22091,ny_high,loss,5,5.61
3,frxEURCAD,4021,bullish,1.60889,1.60836,1.61133,asia_high,loss,2,4.45
3,frxEURCAD,4537,bullish,1.62142,1.62083,1.62371,PDH,win,1,3.74
3,frxEURCHF,3396,bullish,0.92027,0.92006,0.92155,weekly_high,loss,0,5.61
3,frxEURCHF,3616,bearish,0.91552,0.91587,0.91411,weekly_low,loss,1,3.92
3,frxEURCHF,3961,bearish,0.91287,0.91338,0.91048,weekly_low,win,4,4.54
3,frxGBPCAD,3389,bullish,1.84834,1.84755,1.85196,weekly_high,loss,1,4.37
3,frxGBPCAD,3542,bullish,1.84496,1.84388,1.84669,london_high,loss,2,1.51
3,frxGBPCAD,3937,bearish,1.8593,1.86056,1.85728,asia_low,win,1,1.51
3,frxGBPCAD,4076,bullish,1.8626,1.86139,1.86736,asia_high,loss,3,3.77
3,frxGBPCAD,4497,bullish,1.88194,1.88129,1.8842,asia_high,win,1,3.23
3,frxGBPNZD,3266,bearish,2.29862,2.30007,2.29161,weekly_low,loss,7,4.58
3,frxGBPNZD,4118,bearish,2.29612,2.2979,2.28953,PDL,loss,5,3.53
3,frxGBPNZD,4325,bullish,2.30532,2.30339,2.31063,weekly_high,win,4,2.65
3,frxGBPNZD,4357,bullish,2.32412,2.3222,2.32838,swing_high,win,5,2.1
3,frxGBPNZD,4403,bullish,2.33271,2.33137,2.33492,asia_high,win,1,1.52
3,frxNZDCAD,3508,bullish,0.8021,0.80159,0.806,weekly_high,loss,2,7.34
3,frxNZDCAD,3816,bullish,0.80611,0.80513,0.80867,PDH,win,7,2.51
3,frxNZDCAD,4283,bullish,0.81429,0.81379,0.81607,london_high,loss,1,3.27
3,frxNZDCHF,3287,bearish,0.46,0.46029,0.4589,weekly_low,loss,1,3.58
3,frxNZDCHF,3667,bullish,0.46405,0.46374,0.4647,asia_high,loss,0,1.98
3,frxNZDCHF,4028,bullish,0.46488,0.46444,0.4664,london_high,loss,0,3.35
3,frxCADCHF,3354,bearish,0.5741,0.57458,0.57205,ny_low,loss,16,4.13
3,frxCADCHF,3759,bearish,0.5714,0.57176,0.57075,london_low,loss,5,1.71
3,frxCADCHF,4588,bullish,0.56665,0.56647,0.56745,PDH,win,1,4.1
3,frxCHFJPY,3905,bullish,202.7455,202.6698,202.953,ny_high,loss,4,2.56
3,frxXAUUSD,3328,bearish,4624.99,4635.76257,4605.65,ny_low,loss,1,1.67
3,frxXAUUSD,4226,bearish,4080.505,4091.73771,3979.02,ny_low,loss,0,8.64
3,frxXAUUSD,4290,bearish,4026.59,4035.43571,4008.89,london_low,loss,0,1.86
3,cryBTCUSD,4736,bullish,74639.935,74422.43191,76313.89,ny_high,loss,3,7.32
3,cryBTCUSD,4971,bullish,77017.8755,76845.2523,77447.743,PDH,loss,1,2.3
3,cryBTCUSD,5504,bearish,78008.784,78256.01617,76855.829,london_low,win,21,4.44
3,cryBTCUSD,5694,bearish,73740.627,73948.26206,72670.917,asia_low,loss,0,4.88
3,cryBTCUSD,5749,bearish,73908.853,73995.09219,73556.26,ny_low,loss,1,3.78
3,cryBTCUSD,5851,bearish,63618.311,64031.70073,62353.305,ny_low,win,1,2.9
3,cryETHUSD,4769,bullish,2305.32525,2293.11439,2331.155,london_high,win,6,1.98
3,cryETHUSD,4807,bullish,2388.58025,2380.10385,2463.655,weekly_high,loss,7,8.39
3,cryETHUSD,5141,bullish,2359.325,2349.33423,2389.445,asia_high,loss,0,2.84
3,cryETHUSD,5504,bearish,2140.76,2150.39196,2113.175,london_low,loss,0,2.72
3,cryETHUSD,6366,bearish,1577.49825,1590.21851,1531.965,PDL,loss,1,3.37
3,cryETHUSD,6568,bullish,1769.3525,1758.25593,1798.394,london_high,loss,1,2.51
4,frxEURUSD,4730,bearish,1.14243,1.14295,1.14041,ny_low,loss,0,3.71
4,frxEURUSD,4898,bearish,1.13858,1.13911,1.13641,PDL,loss,6,3.87
4,frxEURUSD,5201,bullish,1.15359,1.15309,1.15484,london_high,loss,1,2.34
4,frxEURUSD,5520,bullish,1.15959,1.15905,1.16208,PDH,loss,1,4.48
4,frxEURUSD,5836,bearish,1.1484,1.1489,1.14721,ny_low,loss,2,2.18
4,frxEURUSD,5965,bearish,1.13878,1.1392,1.13595,weekly_low,win,5,6.5
4,frxGBPUSD,5593,bullish,1.35308,1.35251,1.35409,london_high,loss,1,1.68
4,frxGBPUSD,5690,bullish,1.35092,1.35034,1.35547,asia_high,loss,0,7.59
4,frxAUDUSD,5591,bullish,0.72001,0.71977,0.72069,london_high,loss,2,2.65
4,frxAUDUSD,5661,bullish,0.72235,0.72197,0.72309,PDH,loss,1,1.87
4,frxAUDUSD,5713,bullish,0.71531,0.71485,0.7193,ny_high,loss,9,8.29
4,frxUSDCAD,4869,bearish,1.40877,1.40915,1.40767,PDL,win,1,2.75
4,frxUSDCAD,5056,bearish,1.40583,1.40672,1.40274,london_low,loss,2,3.41
4,frxUSDCHF,4730,bullish,0.8091,0.80847,0.81081,weekly_high,loss,1,2.56
4,frxUSDCHF,4832,bullish,0.81239,0.81184,0.81516,weekly_high,loss,10,4.82
4,frxUSDCHF,4898,bullish,0.81658,0.81618,0.81796,PDH,win,2,3.2
4,frxUSDCHF,5662,bearish,0.80929,0.80967,0.8083,asia_low,loss,1,2.43
4,frxUSDCHF,5669,bearish,0.80993,0.81065,0.8083,asia_low,loss,0,2.14
4,frxUSDCHF,5873,bullish,0.81877,0.8181,0.82274,ny_high,win,23,5.68
4,frxUSDCHF,5947,bullish,0.82817,0.82776,0.82966,PDH,loss,1,3.4
4,frxNZDUSD,4686,bullish,0.57577,0.57508,0.5793,weekly_high,loss,2,4.94
4,frxEURGBP,4940,bullish,0.85486,0.85453,0.8554,weekly_high,win,2,1.54
4,frxEURGBP,5404,bearish,0.85539,0.85557,0.85506,PDL,loss,0,1.68
4,frxEURGBP,5872,bearish,0.85773,0.85797,0.85726,asia_low,loss,0,1.87
4,frxAUDJPY,5738,bearish,110.285,110.34324,110.056,weekly_low,win,3,3.66
4,frxEURAUD,4824,bearish,1.62902,1.62974,1.62754,PDL,win,1,1.92
4,frxEURAUD,5150,bearish,1.63623,1.63679,1.63518,weekly_low,loss,1,1.72
4,frxEURAUD,5861,bearish,1.61163,1.61241,1.60865,weekly_low,loss,4,3.67
4,frxGBPAUD,4729,bearish,1.9201,1.92129,1.91703,london_low,loss,2,2.46
4,frxCADJPY,5293,bullish,114.892,114.84211,115.031,london_high,loss,2,2.63
4,frxCADJPY,5669,bearish,111.3435,111.46526,110.778,PDL,loss,19,4.43
4,frxCADJPY,5789,bearish,111.4855,111.56706,111.178,london_low,loss,1,3.56
4,frxNZDJPY,4721,bullish,94.282,94.21899,94.493,PDH,loss,0,3.16
4,frxNZDJPY,4868,bullish,94.6585,94.59679,94.944,ny_high,loss,2,4.41
4,frxNZDJPY,5453,bullish,94.649,94.56297,94.807,london_high,win,2,1.76
4,frxGBPCHF,4753,bullish,1.08943,1.08898,1.09202,PDH,win,2,5.49
4,frxGBPCHF,4841,bullish,1.08726,1.087,1.08802,ny_high,loss,0,2.68
4,frxGBPCHF,5417,bearish,1.09441,1.0947,1.09334,ny_low,loss,5,3.28
4,frxGBPCHF,5549,bullish,1.0974,1.09674,1.09952,PDH,loss,1,3.05
4,frxGBPCHF,5832,bullish,1.10065,1.09986,1.1039,ny_high,loss,19,3.99
4,frxEURNZD,5768,bullish,1.99851,1.99748,2.00163,asia_high,loss,0,2.8
4,frxAUDCAD,4772,bearish,0.98039,0.98101,0.97845,weekly_low,win,2,2.98
4,frxAUDCAD,5016,bearish,0.98587,0.98633,0.98025,weekly_low,loss,1,11.51
4,frxAUDCAD,5178,bullish,0.9828,0.98229,0.98507,ny_high,loss,2,4.14
4,frxAUDCAD,5662,bullish,0.99511,0.99471,0.99667,london_high,loss,1,3.74
4,frxAUDCAD,5789,bearish,0.99445,0.995,0.99155,ny_low,win,1,5.05
4,frxAUDCHF,4709,bearish,0.56438,0.56477,0.56208,ny_low,loss,9,5.64
4,frxAUDCHF,5207,bullish,0.57401,0.57361,0.57479,swing_high,loss,8,1.81
4,frxAUDCHF,5246,bullish,0.57462,0.57443,0.57519,PDH,win,1,2.83
4,frxAUDCHF,5441,bullish,0.57676,0.57647,0.57811,weekly_high,win,2,4.52
4,frxAUDCHF,5477,bullish,0.57837,0.57819,0.57884,asia_high,loss,3,2.38
4,frxAUDCHF,5495,bullish,0.57932,0.579,0.58005,weekly_high,loss,1,2.19
4,frxAUDCHF,5723,bullish,0.58493,0.58443,0.58596,weekly_high,loss,0,1.97
4,frxAUDCHF,6019,bearish,0.58157,0.58201,0.57911,weekly_low,loss,7,5.27
4,frxAUDNZD,4739,bearish,1.19976,1.2004,1.19557,asia_low,win,8,6.25
4,frxAUDNZD,5042,bearish,1.19568,1.19634,1.19409,weekly_low,win,1,2.25
4,frxAUDNZD,5614,bullish,1.22651,1.22598,1.22894,weekly_high,win,13,4.36
4,frxAUDNZD,5725,bullish,1.23362,1.23319,1.23819,weekly_high,win,24,10.02
4,frxAUDNZD,5843,bullish,1.2442,1.24365,1.24777,weekly_high,win,21,6.19
4,frxAUDNZD,5859,bullish,1.24534,1.24492,1.24777,weekly_high,loss,2,5.61
4,frxEURCAD,4676,bearish,1.61577,1.6163,1.61414,weekly_low,loss,1,2.89
4,frxEURCAD,5691,bearish,1.6065,1.60705,1.60368,ny_low,loss,0,4.94
4,frxEURCAD,5756,bearish,1.60516,1.60554,1.60422,asia_low,loss,1,2.3
4,frxEURCHF,5494,bullish,0.93738,0.93702,0.93941,weekly_high,loss,1,5.45
4,frxEURCHF,5832,bullish,0.94451,0.94396,0.94667,asia_high,loss,3,3.8
4,frxEURCHF,5963,bullish,0.94442,0.94421,0.94563,weekly_high,win,1,5.38
4,frxGBPCAD,5416,bearish,1.88883,1.88989,1.88555,ny_low,loss,6,2.95
4,frxGBPCAD,5642,bearish,1.87099,1.87191,1.86918,asia_low,win,1,1.85
4,frxGBPNZD,5270,bearish,2.29483,2.29577,2.28915,weekly_low,loss,2,5.66
4,frxGBPNZD,5866,bullish,2.33472,2.33169,2.33939,ny_high,loss,3,1.48
4,frxGBPNZD,5872,bullish,2.32449,2.32303,2.33939,ny_high,timeout,,9.54
4,frxGBPNZD,5928,bullish,2.33282,2.33101,2.33587,asia_high,win,2,1.58
4,frxNZDCAD,4954,bullish,0.81432,0.81377,0.8155,asia_high,win,2,2.05
4,frxNZDCAD,5268,bullish,0.81887,0.81845,0.82244,weekly_high,loss,4,8.0
4,frxNZDCAD,5451,bullish,0.82464,0.82426,0.82629,london_high,loss,3,4.17
4,frxNZDCAD,5477,bullish,0.82428,0.82394,0.82567,ny_high,loss,2,3.87
4,frxNZDCHF,4738,bullish,0.4705,0.47024,0.47165,asia_high,loss,0,4.21
4,frxNZDCHF,5767,bearish,0.47235,0.47266,0.47105,weekly_low,win,2,4.01
4,frxNZDCHF,5912,bearish,0.4691,0.46935,0.46835,asia_low,win,1,2.79
4,frxCADCHF,4988,bullish,0.57648,0.57608,0.58065,weekly_high,loss,0,10.11
4,frxCADCHF,5650,bullish,0.58638,0.58607,0.58785,weekly_high,loss,0,4.54
4,frxCADCHF,5767,bullish,0.58785,0.58754,0.58845,ny_high,loss,9,1.79
4,frxCHFJPY,4728,bearish,200.4785,200.61514,199.936,weekly_low,loss,1,3.84
4,frxCHFJPY,5646,bullish,189.967,189.70273,191.288,ny_high,loss,5,4.8
4,cryBTCUSD,6759,bearish,64350.459,64486.45484,63927.315,ny_low,win,1,2.94
4,cryETHUSD,7107,bullish,1944.675,1938.17148,1966.475,PDH,win,1,3.15
4,cryETHUSD,7849,bullish,2489.315,2478.25084,2514.545,PDH,win,4,2.1
4,cryETHUSD,7877,bullish,2474.535,2462.911,2509.675,asia_high,win,1,2.86
4,cryETHUSD,8637,bearish,2688.88,2697.43949,2651.085,ny_low,loss,0,4.12
