variant,window,symbol,bar_index,direction,entry,stop,target,outcome,bars_held,rr_eff,htf_bias,bias_class
prepositioned_limit,1,frxEURUSD,2171,bullish,1.17708,1.17653,1.17967,loss,32,4.45,none,neutral
prepositioned_limit,2,frxEURUSD,4394,bearish,1.15511,1.15564,1.15405,loss,0,1.92,none,neutral
prepositioned_limit,2,frxEURUSD,5330,bullish,1.13553,1.13492,1.13649,loss,2,1.51,down,counter
prepositioned_limit,2,frxEURUSD,5773,bullish,1.13791,1.13772,1.13941,win,15,7.38,up,aligned
prepositioned_limit,3,frxEURUSD,6332,bullish,1.14318,1.14305,1.1446,loss,4,9.91,up,aligned
prepositioned_limit,3,frxEURUSD,6968,bearish,1.14154,1.14178,1.14081,loss,1,2.96,down,aligned
prepositioned_limit,3,frxEURUSD,8858,bearish,1.15837,1.15865,1.15778,loss,2,2.03,up,counter
prepositioned_limit,3,frxEURUSD,8929,bearish,1.15786,1.15815,1.15714,loss,0,2.4,up,counter
prepositioned_limit,4,frxEURUSD,9344,bearish,1.1657,1.16584,1.16531,loss,0,2.68,down,aligned
prepositioned_limit,4,frxEURUSD,9613,bearish,1.16539,1.16558,1.16508,loss,0,1.59,down,aligned
prepositioned_limit,4,frxEURUSD,11389,bearish,1.1379,1.13814,1.13709,loss,0,3.21,down,aligned
prepositioned_limit,1,frxGBPUSD,1666,bearish,1.361,1.3613,1.36009,loss,0,2.89,none,neutral
prepositioned_limit,1,frxGBPUSD,2987,bearish,1.34369,1.34409,1.34284,loss,0,2.03,none,neutral
prepositioned_limit,2,frxGBPUSD,4390,bullish,1.33787,1.33752,1.3387,loss,1,2.21,none,neutral
prepositioned_limit,2,frxGBPUSD,5206,bearish,1.31991,1.32018,1.31823,loss,1,5.94,up,counter
prepositioned_limit,2,frxGBPUSD,5599,bullish,1.32291,1.32247,1.32361,loss,2,1.52,up,aligned
prepositioned_limit,2,frxGBPUSD,6171,bearish,1.33667,1.33716,1.33554,loss,0,2.15,up,counter
prepositioned_limit,3,frxGBPUSD,6799,bearish,1.34769,1.34788,1.34731,loss,1,1.84,up,counter
prepositioned_limit,3,frxGBPUSD,7099,bearish,1.3385,1.3392,1.33694,loss,2,2.17,down,aligned
prepositioned_limit,3,frxGBPUSD,7269,bullish,1.33159,1.33137,1.33221,loss,1,2.71,down,counter
prepositioned_limit,3,frxGBPUSD,7507,bullish,1.32902,1.32843,1.33156,loss,17,4.19,down,counter
prepositioned_limit,3,frxGBPUSD,7708,bullish,1.34599,1.34559,1.34704,loss,4,2.38,up,aligned
prepositioned_limit,3,frxGBPUSD,7758,bullish,1.34429,1.34397,1.34493,loss,1,1.87,up,aligned
prepositioned_limit,3,frxGBPUSD,8581,bearish,1.3498,1.34996,1.34947,loss,1,1.89,down,aligned
prepositioned_limit,3,frxGBPUSD,8930,bearish,1.35372,1.35404,1.35237,loss,0,4.15,up,counter
prepositioned_limit,4,frxGBPUSD,9625,bearish,1.35933,1.35946,1.35852,loss,0,5.93,down,aligned
prepositioned_limit,4,frxGBPUSD,9782,bearish,1.35534,1.35558,1.3536,loss,1,6.83,down,aligned
prepositioned_limit,4,frxGBPUSD,9885,bearish,1.35105,1.35131,1.35062,loss,2,1.59,down,aligned
prepositioned_limit,4,frxGBPUSD,10830,bullish,1.34673,1.34648,1.34826,loss,12,5.66,down,counter
prepositioned_limit,4,frxGBPUSD,11585,bearish,1.32432,1.32456,1.32275,loss,2,6.51,up,counter
prepositioned_limit,1,frxAUDUSD,2861,bearish,0.7111,0.71136,0.71054,win,1,2.01,none,neutral
prepositioned_limit,2,frxAUDUSD,4834,bullish,0.70234,0.70207,0.70319,loss,0,2.95,down,counter
prepositioned_limit,2,frxAUDUSD,5058,bullish,0.70022,0.7,0.70079,win,1,2.3,down,counter
prepositioned_limit,2,frxAUDUSD,5500,bullish,0.68913,0.68896,0.68955,loss,2,2.26,down,counter
prepositioned_limit,3,frxAUDUSD,7633,bullish,0.69514,0.69467,0.69591,win,2,1.56,down,counter
prepositioned_limit,3,frxAUDUSD,8038,bearish,0.70484,0.70504,0.7043,loss,0,2.53,up,counter
prepositioned_limit,3,frxAUDUSD,8400,bearish,0.706,0.70621,0.70533,loss,3,3.08,up,counter
prepositioned_limit,3,frxAUDUSD,8664,bullish,0.70576,0.70558,0.70606,win,1,1.54,up,aligned
prepositioned_limit,4,frxAUDUSD,11058,bearish,0.71221,0.71244,0.71167,loss,1,2.22,down,aligned
prepositioned_limit,4,frxAUDUSD,11222,bearish,0.71168,0.71194,0.70984,loss,5,6.53,up,counter
prepositioned_limit,1,frxUSDCAD,1117,bearish,1.36723,1.36751,1.36658,loss,1,2.2,none,neutral
prepositioned_limit,1,frxUSDCAD,2351,bullish,1.37045,1.36996,1.37125,loss,2,1.56,none,neutral
prepositioned_limit,2,frxUSDCAD,3906,bullish,1.38984,1.38963,1.39036,win,1,2.25,none,neutral
prepositioned_limit,2,frxUSDCAD,4486,bullish,1.3977,1.39739,1.39858,loss,0,2.64,none,neutral
prepositioned_limit,2,frxUSDCAD,4949,bearish,1.41557,1.41593,1.41493,win,2,1.68,up,counter
prepositioned_limit,2,frxUSDCAD,5016,bullish,1.41702,1.41672,1.41769,loss,0,2.08,up,aligned
prepositioned_limit,3,frxUSDCAD,7789,bullish,1.40285,1.40155,1.40498,loss,11,1.59,down,counter
prepositioned_limit,3,frxUSDCAD,8599,bullish,1.39463,1.39446,1.3964,loss,2,9.77,up,aligned
prepositioned_limit,4,frxUSDCAD,9273,bearish,1.38484,1.38521,1.38382,loss,1,2.51,down,aligned
prepositioned_limit,2,frxUSDCHF,4015,bearish,0.78907,0.78926,0.78879,loss,0,1.45,none,neutral
prepositioned_limit,2,frxUSDCHF,4734,bearish,0.79309,0.79328,0.79277,loss,0,1.61,down,aligned
prepositioned_limit,2,frxUSDCHF,5089,bearish,0.80927,0.80942,0.80883,win,3,2.8,up,counter
prepositioned_limit,2,frxUSDCHF,5138,bullish,0.80807,0.80769,0.80912,loss,0,2.7,up,aligned
prepositioned_limit,2,frxUSDCHF,5691,bearish,0.80945,0.80957,0.80823,loss,2,9.86,up,counter
prepositioned_limit,3,frxUSDCHF,6534,bullish,0.8135,0.81326,0.81414,loss,0,2.59,down,counter
prepositioned_limit,3,frxUSDCHF,6805,bullish,0.80838,0.80817,0.80877,loss,1,1.74,down,counter
prepositioned_limit,3,frxUSDCHF,7915,bearish,0.81036,0.81052,0.80974,loss,0,3.57,down,aligned
prepositioned_limit,3,frxUSDCHF,8038,bullish,0.80789,0.8076,0.80873,loss,2,2.75,down,counter
prepositioned_limit,3,frxUSDCHF,8879,bearish,0.81144,0.81173,0.8109,loss,0,1.76,down,aligned
prepositioned_limit,4,frxUSDCHF,9640,bearish,0.80515,0.80541,0.8038,loss,0,5.08,up,counter
prepositioned_limit,4,frxUSDCHF,10279,bullish,0.80878,0.80838,0.80942,loss,1,1.55,down,counter
prepositioned_limit,4,frxUSDCHF,10748,bearish,0.81838,0.81859,0.81797,loss,1,1.86,up,counter
prepositioned_limit,4,frxUSDCHF,11221,bullish,0.82048,0.82011,0.82175,loss,0,3.37,down,counter
prepositioned_limit,4,frxUSDCHF,11522,bearish,0.82915,0.82942,0.82835,loss,1,2.71,up,counter
prepositioned_limit,1,frxUSDJPY,1647,bullish,156.7335,156.67016,156.962,loss,0,3.45,none,neutral
prepositioned_limit,1,frxUSDJPY,1985,bullish,156.1505,156.06094,156.3055,loss,2,1.62,none,neutral
prepositioned_limit,1,frxUSDJPY,2612,bearish,158.578,158.62256,158.431,win,7,3.15,none,neutral
prepositioned_limit,2,frxUSDJPY,5086,bullish,161.433,161.3892,161.65,loss,0,4.74,up,aligned
prepositioned_limit,3,frxUSDJPY,6435,bullish,161.971,161.92841,162.119,loss,0,3.29,down,counter
prepositioned_limit,4,frxUSDJPY,9304,bearish,159.201,159.22611,159.127,loss,3,2.79,down,aligned
prepositioned_limit,4,frxUSDJPY,10053,bullish,155.538,155.4739,155.751,loss,0,3.16,down,counter
prepositioned_limit,4,frxUSDJPY,11660,bearish,157.4695,157.50943,157.302,loss,0,3.98,up,counter
prepositioned_limit,1,frxNZDUSD,2860,bearish,0.58388,0.58408,0.58347,win,1,1.89,none,neutral
prepositioned_limit,2,frxNZDUSD,4833,bullish,0.57797,0.57772,0.57859,win,1,2.36,down,counter
prepositioned_limit,2,frxNZDUSD,4927,bullish,0.57565,0.5754,0.57764,loss,1,7.65,down,counter
prepositioned_limit,2,frxNZDUSD,5304,bearish,0.56499,0.56534,0.56388,win,10,3.07,down,aligned
prepositioned_limit,3,frxNZDUSD,6800,bullish,0.58427,0.58404,0.5855,loss,0,5.18,up,aligned
prepositioned_limit,3,frxNZDUSD,7757,bullish,0.58665,0.58645,0.58716,loss,1,2.36,up,aligned
prepositioned_limit,3,frxNZDUSD,8203,bearish,0.58678,0.5869,0.58613,loss,0,5.14,up,counter
prepositioned_limit,3,frxNZDUSD,8482,bearish,0.58779,0.58793,0.58702,loss,0,4.98,down,aligned
prepositioned_limit,3,frxNZDUSD,9015,bearish,0.59333,0.59362,0.59246,loss,3,2.88,up,counter
prepositioned_limit,4,frxNZDUSD,11895,bullish,0.56066,0.56038,0.56152,loss,1,2.78,down,counter
prepositioned_limit,1,frxEURGBP,826,bearish,0.8713,0.87145,0.87072,loss,1,3.63,none,neutral
prepositioned_limit,2,frxEURGBP,3632,bullish,0.86539,0.86521,0.86575,loss,1,1.92,none,neutral
prepositioned_limit,2,frxEURGBP,3732,bullish,0.86445,0.8643,0.86584,loss,3,9.21,none,neutral
prepositioned_limit,2,frxEURGBP,4305,bearish,0.8632,0.86338,0.86259,win,9,3.25,none,neutral
prepositioned_limit,2,frxEURGBP,4757,bullish,0.86471,0.86458,0.86496,win,1,1.87,up,aligned
prepositioned_limit,2,frxEURGBP,4848,bullish,0.86518,0.86511,0.8658,loss,0,7.69,up,aligned
prepositioned_limit,2,frxEURGBP,4877,bearish,0.86736,0.86765,0.86618,loss,1,3.75,up,counter
prepositioned_limit,2,frxEURGBP,5504,bullish,0.86247,0.86229,0.8638,loss,0,7.29,down,counter
prepositioned_limit,3,frxEURGBP,7658,bearish,0.85817,0.85828,0.8579,loss,2,2.22,up,counter
prepositioned_limit,4,frxEURGBP,9249,bearish,0.85602,0.85611,0.85587,loss,0,1.56,down,aligned
prepositioned_limit,4,frxEURGBP,10676,bullish,0.85559,0.85538,0.85616,loss,3,2.46,down,counter
prepositioned_limit,4,frxEURGBP,11686,bearish,0.85807,0.85825,0.85723,loss,1,4.67,down,aligned
prepositioned_limit,1,frxEURJPY,751,bearish,187.7265,187.78507,187.58,loss,2,2.37,none,neutral
prepositioned_limit,1,frxEURJPY,2352,bearish,185.081,185.13013,184.934,win,20,2.84,none,neutral
prepositioned_limit,3,frxEURJPY,8207,bearish,182.633,182.66903,182.446,loss,0,4.94,up,counter
prepositioned_limit,3,frxEURJPY,8656,bearish,183.9325,183.95376,183.88,loss,7,2.31,up,counter
prepositioned_limit,4,frxEURJPY,9267,bearish,185.7175,185.757,185.603,win,2,2.73,up,counter
prepositioned_limit,4,frxEURJPY,11262,bullish,180.055,180.01333,180.19,win,8,3.1,up,aligned
prepositioned_limit,1,frxGBPJPY,751,bearish,215.4055,215.48276,215.125,win,6,3.46,none,neutral
prepositioned_limit,1,frxGBPJPY,1015,bearish,215.3295,215.36623,215.2095,loss,0,3.07,none,neutral
prepositioned_limit,1,frxGBPJPY,1111,bullish,215.278,215.23827,215.363,loss,0,1.99,none,neutral
prepositioned_limit,1,frxGBPJPY,2626,bullish,211.4275,211.36009,211.627,loss,0,2.76,none,neutral
prepositioned_limit,1,frxGBPJPY,2829,bearish,213.1895,213.26126,212.918,win,17,3.52,none,neutral
prepositioned_limit,2,frxGBPJPY,4536,bearish,214.9705,214.99926,214.896,loss,0,2.42,down,aligned
prepositioned_limit,2,frxGBPJPY,5672,bearish,215.5395,215.57823,214.693,loss,15,21.07,up,counter
prepositioned_limit,3,frxGBPJPY,8865,bullish,215.964,215.928,216.103,win,1,3.64,up,aligned
prepositioned_limit,4,frxGBPJPY,11292,bearish,210.091,210.13924,209.914,win,1,3.51,up,counter
prepositioned_limit,2,frxAUDJPY,4095,bearish,112.9945,113.0786,112.81,loss,1,2.11,none,neutral
prepositioned_limit,2,frxAUDJPY,4117,bullish,112.943,112.89007,113.114,loss,2,3.01,none,neutral
prepositioned_limit,3,frxAUDJPY,6392,bearish,112.435,112.48181,112.185,loss,33,5.1,up,counter
prepositioned_limit,3,frxAUDJPY,7158,bearish,114.1615,114.18729,114.063,loss,0,3.66,up,counter
prepositioned_limit,3,frxAUDJPY,8095,bearish,111.3405,111.36097,111.255,win,2,3.95,up,counter
prepositioned_limit,4,frxAUDJPY,9417,bearish,114.094,114.12941,113.992,loss,0,2.77,up,counter
prepositioned_limit,4,frxAUDJPY,9633,bearish,114.82,114.85081,114.726,loss,3,2.89,up,counter
prepositioned_limit,4,frxAUDJPY,9865,bearish,114.481,114.50114,114.44,loss,0,1.92,up,counter
prepositioned_limit,4,frxAUDJPY,9886,bullish,114.4685,114.4386,114.52,loss,2,1.61,up,aligned
prepositioned_limit,4,frxAUDJPY,10684,bullish,110.1895,110.14684,110.303,win,2,2.49,down,counter
prepositioned_limit,2,frxEURAUD,3818,bullish,1.62161,1.62116,1.62381,loss,3,4.68,none,neutral
prepositioned_limit,2,frxEURAUD,4810,bullish,1.63846,1.63761,1.64247,loss,8,4.53,up,aligned
prepositioned_limit,2,frxEURAUD,5202,bearish,1.64646,1.6469,1.64088,loss,26,12.14,up,counter
prepositioned_limit,2,frxEURAUD,5443,bullish,1.65196,1.65155,1.65312,loss,0,2.61,up,aligned
prepositioned_limit,2,frxEURAUD,5819,bearish,1.6533,1.65421,1.6516,win,1,1.77,down,aligned
prepositioned_limit,2,frxEURAUD,6185,bearish,1.64879,1.64928,1.64729,win,3,2.85,up,counter
prepositioned_limit,4,frxEURAUD,9737,bearish,1.62062,1.62087,1.61715,loss,0,13.55,down,aligned
prepositioned_limit,4,frxEURAUD,11430,bearish,1.61852,1.61895,1.61671,loss,0,4.02,up,counter
prepositioned_limit,4,frxEURAUD,11482,bearish,1.62351,1.62397,1.62042,loss,3,6.5,up,counter
prepositioned_limit,1,frxGBPAUD,1225,bearish,1.89072,1.89141,1.8889,loss,0,2.52,none,neutral
prepositioned_limit,1,frxGBPAUD,2288,bearish,1.87842,1.87906,1.87707,loss,0,2.01,none,neutral
prepositioned_limit,1,frxGBPAUD,2792,bearish,1.88022,1.88094,1.87801,loss,1,2.94,none,neutral
prepositioned_limit,2,frxGBPAUD,4950,bearish,1.8837,1.8844,1.88242,win,1,1.72,down,aligned
prepositioned_limit,3,frxGBPAUD,6827,bearish,1.92847,1.92903,1.92526,loss,3,5.5,up,counter
prepositioned_limit,3,frxGBPAUD,8385,bearish,1.91489,1.91519,1.91425,loss,0,2.02,up,counter
prepositioned_limit,4,frxGBPAUD,10121,bearish,1.87962,1.87995,1.87805,loss,0,4.52,up,counter
prepositioned_limit,4,frxGBPAUD,11387,bullish,1.88095,1.88024,1.88236,win,4,1.87,up,aligned
prepositioned_limit,2,frxCADJPY,5418,bullish,113.8625,113.82636,114.056,loss,0,5.18,up,aligned
prepositioned_limit,3,frxCADJPY,6824,bearish,115.7145,115.75131,115.572,loss,1,3.73,down,aligned
prepositioned_limit,3,frxCADJPY,7265,bullish,116.327,116.31099,116.359,win,1,1.85,up,aligned
prepositioned_limit,3,frxCADJPY,8718,bearish,114.6125,114.64646,114.504,loss,3,3.01,up,counter
prepositioned_limit,3,frxCADJPY,8856,bullish,114.956,114.93207,115.0055,win,1,1.94,up,aligned
prepositioned_limit,4,frxCADJPY,10054,bullish,112.819,112.77073,112.9035,loss,0,1.64,down,counter
prepositioned_limit,4,frxCADJPY,10158,bearish,112.9,112.92397,112.788,win,2,4.35,down,aligned
prepositioned_limit,4,frxCADJPY,11138,bullish,112.14,112.10774,112.239,loss,6,2.91,up,aligned
prepositioned_limit,1,frxNZDJPY,1557,bearish,93.5865,93.62433,93.519,loss,2,1.68,none,neutral
prepositioned_limit,2,frxNZDJPY,3509,bearish,94.4795,94.50774,94.401,loss,1,2.65,none,neutral
prepositioned_limit,2,frxNZDJPY,5399,bearish,91.3435,91.38189,91.285,win,2,1.44,down,aligned
prepositioned_limit,2,frxNZDJPY,6173,bearish,92.7345,92.77564,92.0965,loss,9,14.71,up,counter
prepositioned_limit,3,frxNZDJPY,6800,bullish,94.878,94.84183,94.944,loss,0,1.73,up,aligned
prepositioned_limit,3,frxNZDJPY,8229,bullish,92.86,92.83583,92.918,loss,0,2.27,down,counter
prepositioned_limit,1,cryBTCUSD,1052,bullish,61111.113,60957.67119,61408.296,win,1,1.8,none,neutral
prepositioned_limit,1,cryBTCUSD,3019,bearish,58646.247,58747.27557,58479.20867,loss,0,1.56,none,neutral
prepositioned_limit,1,cryBTCUSD,3310,bearish,62739.5155,62822.9257,62523.721,win,2,2.43,none,neutral
prepositioned_limit,1,cryBTCUSD,3432,bullish,62749.484,62669.451,62928.033,loss,1,2.12,none,neutral
prepositioned_limit,2,cryBTCUSD,3790,bullish,62121.201,61992.29456,62321.521,loss,1,1.47,none,neutral
prepositioned_limit,2,cryBTCUSD,3985,bearish,64184.0705,64294.57117,63633.337,loss,35,4.85,none,neutral
prepositioned_limit,2,cryBTCUSD,4940,bullish,65173.254,65096.78676,65411.192,win,2,2.95,down,counter
prepositioned_limit,2,cryBTCUSD,5650,bearish,63503.0295,63578.02464,63187.221,win,11,4.04,down,aligned
prepositioned_limit,2,cryBTCUSD,5902,bullish,64722.8595,64625.87641,65062.813,loss,0,3.3,up,aligned
prepositioned_limit,3,cryBTCUSD,6426,bullish,64049.508,63999.9799,64207.0195,loss,0,2.96,up,aligned
prepositioned_limit,3,cryBTCUSD,6511,bearish,64912.2955,64991.19231,64712.28,win,1,2.42,up,counter
prepositioned_limit,3,cryBTCUSD,7566,bearish,63372.6585,63408.96864,63010.4028,loss,0,9.54,up,counter
prepositioned_limit,3,cryBTCUSD,8299,bullish,78798.497,78628.3153,79081.581,loss,1,1.57,down,counter
prepositioned_limit,3,cryBTCUSD,8922,bearish,78379.999,78559.59884,77966.9562,loss,0,2.2,up,counter
prepositioned_limit,4,cryBTCUSD,9378,bullish,79518.8445,79460.57246,79672.148,win,2,2.53,up,aligned
prepositioned_limit,4,cryBTCUSD,10082,bullish,77261.9595,77217.23331,77364.334,loss,1,2.19,down,counter
prepositioned_limit,4,cryBTCUSD,10415,bearish,75812.1075,75975.1688,75097.945,loss,1,4.23,down,aligned
prepositioned_limit,4,cryBTCUSD,10510,bullish,76256.595,76139.72883,76472.902,loss,0,1.72,down,counter
prepositioned_limit,4,cryBTCUSD,11516,bearish,84941.238,84990.97106,84797.326,loss,0,2.66,down,aligned
prepositioned_limit,1,cryETHUSD,2620,bearish,1576.91,1580.19564,1552.865,loss,10,6.96,none,neutral
prepositioned_limit,2,cryETHUSD,3984,bearish,1795.45,1798.81604,1789.125,loss,6,1.79,none,neutral
prepositioned_limit,2,cryETHUSD,5250,bullish,1875.17,1872.96819,1887.675,loss,0,5.39,down,counter
prepositioned_limit,3,cryETHUSD,7717,bullish,1912.275,1911.019,1914.795,win,1,1.86,down,counter
prepositioned_limit,3,cryETHUSD,8592,bearish,2523.705,2530.0807,2504.785,win,1,2.85,up,counter
prepositioned_limit,4,cryETHUSD,9737,bullish,2484.095,2481.78208,2489.525,loss,0,2.17,down,counter
prepositioned_limit,4,cryETHUSD,11283,bearish,2692.655,2698.92557,2659.195,loss,3,5.17,down,aligned
prepositioned_limit,4,cryETHUSD,11661,bearish,2690.155,2695.96874,2666.625,loss,2,3.89,down,aligned
prepositioned_limit,1,cryLTCUSD,3127,bullish,42.765,42.69043,42.96198,loss,1,2.44,none,neutral
prepositioned_limit,1,cryLTCUSD,3266,bearish,43.705,43.79471,43.455,loss,0,2.63,none,neutral
prepositioned_limit,2,cryLTCUSD,3938,bearish,44.66,44.74821,44.135,loss,0,5.75,none,neutral
prepositioned_limit,2,cryLTCUSD,4548,bearish,45.3,45.36786,45.025,win,3,3.86,down,aligned
prepositioned_limit,2,cryLTCUSD,4838,bearish,47.715,47.88071,47.375,win,1,1.97,up,counter
prepositioned_limit,2,cryLTCUSD,5638,bullish,46.18,46.11664,46.39167,loss,0,3.19,down,counter
prepositioned_limit,3,cryLTCUSD,6486,bearish,45.23,45.28307,45.105,loss,0,2.21,down,aligned
prepositioned_limit,3,cryLTCUSD,7059,bearish,45.49,45.53743,45.285,loss,9,4.16,up,counter
prepositioned_limit,3,cryLTCUSD,7661,bullish,44.45,44.39036,44.905,loss,0,7.4,down,counter
prepositioned_limit,4,cryLTCUSD,9472,bearish,54.605,54.75685,53.665,loss,18,5.92,up,counter
prepositioned_limit,4,cryLTCUSD,10415,bearish,51.135,51.24293,50.745,loss,3,3.42,down,aligned
prepositioned_limit,1,cryXRPUSD,2077,bearish,1.15045,1.1518,1.1457,loss,0,3.35,none,neutral
prepositioned_limit,2,cryXRPUSD,5210,bullish,1.1037,1.10155,1.1097,win,3,2.65,down,counter
prepositioned_limit,2,cryXRPUSD,6060,bearish,1.0628,1.06354,1.0614,loss,0,1.77,down,aligned
prepositioned_limit,3,cryXRPUSD,7203,bullish,1.00535,1.00337,1.0091,loss,2,1.79,up,aligned
prepositioned_limit,4,cryXRPUSD,10439,bearish,1.29525,1.29861,1.2891,win,1,1.71,down,aligned
prepositioned_limit,1,crySOLUSD,3142,bearish,78.175,78.41457,76.87,loss,2,5.25,none,neutral
prepositioned_limit,2,crySOLUSD,4017,bearish,78.055,78.15729,77.56,loss,5,4.66,none,neutral
prepositioned_limit,2,crySOLUSD,4112,bullish,76.445,76.30957,77.05,win,7,4.28,none,neutral
prepositioned_limit,2,crySOLUSD,5902,bullish,74.465,74.36271,74.94,loss,0,4.35,up,aligned
prepositioned_limit,3,crySOLUSD,7727,bearish,76.93,77.074,75.78,loss,0,7.76,up,counter
prepositioned_limit,3,crySOLUSD,8818,bullish,104.605,104.40414,105.01,loss,0,1.91,up,aligned
prepositioned_limit,4,crySOLUSD,10188,bullish,100.31,100.14143,100.97,loss,0,3.72,down,counter
prepositioned_limit,4,crySOLUSD,11019,bullish,116.17,115.75286,117.12,win,2,2.16,up,aligned
prepositioned_limit_confirmed,2,frxEURUSD,4394,bearish,1.15511,1.15564,1.15405,loss,0,1.97,none,neutral
prepositioned_limit_confirmed,2,frxEURUSD,5773,bullish,1.13791,1.13772,1.13941,win,14,4.42,up,aligned
prepositioned_limit_confirmed,3,frxEURUSD,8929,bearish,1.15786,1.15815,1.15714,loss,0,3.46,up,counter
prepositioned_limit_confirmed,1,frxGBPUSD,1666,bearish,1.361,1.3613,1.36009,loss,0,1.87,none,neutral
prepositioned_limit_confirmed,2,frxGBPUSD,5599,bullish,1.32291,1.32247,1.32361,loss,1,0.82,up,aligned
prepositioned_limit_confirmed,2,frxGBPUSD,6171,bearish,1.33667,1.33716,1.33554,loss,0,19.3,up,counter
prepositioned_limit_confirmed,3,frxGBPUSD,6799,bearish,1.34769,1.34788,1.34731,loss,0,1.41,up,counter
prepositioned_limit_confirmed,3,frxGBPUSD,8581,bearish,1.3498,1.34996,1.34947,loss,0,0.88,down,aligned
prepositioned_limit_confirmed,3,frxGBPUSD,8930,bearish,1.35372,1.35404,1.35237,loss,11,1.88,up,counter
prepositioned_limit_confirmed,4,frxGBPUSD,9625,bearish,1.35933,1.35946,1.35852,loss,1,11.47,down,aligned
prepositioned_limit_confirmed,4,frxGBPUSD,10830,bullish,1.34673,1.34648,1.34826,loss,11,1.3,down,counter
prepositioned_limit_confirmed,4,frxGBPUSD,11585,bearish,1.32432,1.32456,1.32275,loss,1,0.97,up,counter
prepositioned_limit_confirmed,2,frxAUDUSD,5500,bullish,0.68913,0.68896,0.68955,loss,1,0.54,down,counter
prepositioned_limit_confirmed,3,frxAUDUSD,7633,bullish,0.69514,0.69467,0.69591,win,1,0.2,down,counter
prepositioned_limit_confirmed,3,frxAUDUSD,8038,bearish,0.70484,0.70504,0.7043,loss,0,5.25,up,counter
prepositioned_limit_confirmed,3,frxAUDUSD,8664,bullish,0.70576,0.70558,0.70606,loss,6,0.2,up,aligned
prepositioned_limit_confirmed,4,frxAUDUSD,11222,bearish,0.71168,0.71194,0.70984,loss,4,0.76,up,counter
prepositioned_limit_confirmed,2,frxUSDCAD,3906,bullish,1.38984,1.38963,1.39036,loss,3,0.62,none,neutral
prepositioned_limit_confirmed,2,frxUSDCAD,4949,bearish,1.41557,1.41593,1.41493,win,1,0.71,up,counter
prepositioned_limit_confirmed,3,frxUSDCAD,8599,bullish,1.39463,1.39446,1.3964,loss,1,15.16,up,aligned
prepositioned_limit_confirmed,2,frxUSDCHF,4734,bearish,0.79309,0.79328,0.79277,win,1,0.43,down,aligned
prepositioned_limit_confirmed,2,frxUSDCHF,5138,bullish,0.80807,0.80769,0.80912,win,1,0.42,up,aligned
prepositioned_limit_confirmed,2,frxUSDCHF,5691,bearish,0.80945,0.80957,0.80823,loss,1,5.91,up,counter
prepositioned_limit_confirmed,3,frxUSDCHF,7915,bearish,0.81036,0.81052,0.80974,win,1,0.55,down,aligned
prepositioned_limit_confirmed,4,frxUSDCHF,10279,bullish,0.80878,0.80838,0.80942,loss,0,8.94,down,counter
prepositioned_limit_confirmed,4,frxUSDCHF,11221,bullish,0.82048,0.82011,0.82175,loss,2,0.47,down,counter
prepositioned_limit_confirmed,1,frxUSDJPY,1985,bullish,156.1505,156.06094,156.3055,loss,1,1.6,none,neutral
prepositioned_limit_confirmed,1,frxUSDJPY,2612,bearish,158.578,158.62256,158.431,win,6,0.7,none,neutral
prepositioned_limit_confirmed,4,frxUSDJPY,11660,bearish,157.4695,157.50943,157.302,loss,0,12.85,up,counter
prepositioned_limit_confirmed,3,frxNZDUSD,8203,bearish,0.58678,0.5869,0.58613,loss,1,5.4,up,counter
prepositioned_limit_confirmed,3,frxNZDUSD,9015,bearish,0.59333,0.59362,0.59246,loss,2,0.34,up,counter
prepositioned_limit_confirmed,4,frxNZDUSD,11895,bullish,0.56066,0.56038,0.56152,loss,0,1.04,down,counter
prepositioned_limit_confirmed,2,frxEURGBP,3632,bullish,0.86539,0.86521,0.86575,loss,0,1.51,none,neutral
prepositioned_limit_confirmed,2,frxEURGBP,3732,bullish,0.86445,0.8643,0.86584,loss,2,4.38,none,neutral
prepositioned_limit_confirmed,2,frxEURGBP,4757,bullish,0.86471,0.86458,0.86496,loss,7,0.24,up,aligned
prepositioned_limit_confirmed,4,frxEURGBP,11686,bearish,0.85807,0.85825,0.85723,loss,0,8.75,down,aligned
prepositioned_limit_confirmed,1,frxEURJPY,2352,bearish,185.081,185.13013,184.934,win,19,2.7,none,neutral
prepositioned_limit_confirmed,3,frxEURJPY,8207,bearish,182.633,182.66903,182.446,loss,0,0.97,up,counter
prepositioned_limit_confirmed,3,frxEURJPY,8656,bearish,183.9325,183.95376,183.88,loss,6,1.11,up,counter
prepositioned_limit_confirmed,4,frxEURJPY,9267,bearish,185.7175,185.757,185.603,win,1,0.71,up,counter
prepositioned_limit_confirmed,4,frxEURJPY,11262,bullish,180.055,180.01333,180.19,win,7,2.75,up,aligned
prepositioned_limit_confirmed,1,frxGBPJPY,751,bearish,215.4055,215.48276,215.125,win,5,1.71,none,neutral
prepositioned_limit_confirmed,1,frxGBPJPY,1111,bullish,215.278,215.23827,215.363,win,2,1.27,none,neutral
prepositioned_limit_confirmed,1,frxGBPJPY,2829,bearish,213.1895,213.26126,212.918,win,16,1.11,none,neutral
prepositioned_limit_confirmed,2,frxGBPJPY,5672,bearish,215.5395,215.57823,214.693,loss,14,6.39,up,counter
prepositioned_limit_confirmed,3,frxAUDJPY,6392,bearish,112.435,112.48181,112.185,loss,32,3.25,up,counter
prepositioned_limit_confirmed,3,frxAUDJPY,8095,bearish,111.3405,111.36097,111.255,win,1,0.99,up,counter
prepositioned_limit_confirmed,4,frxAUDJPY,9633,bearish,114.82,114.85081,114.726,loss,2,0.66,up,counter
prepositioned_limit_confirmed,4,frxAUDJPY,10684,bullish,110.1895,110.14684,110.303,win,1,0.15,down,counter
prepositioned_limit_confirmed,2,frxEURAUD,3818,bullish,1.62161,1.62116,1.62381,loss,2,2.16,none,neutral
prepositioned_limit_confirmed,2,frxEURAUD,4810,bullish,1.63846,1.63761,1.64247,loss,7,4.12,up,aligned
prepositioned_limit_confirmed,2,frxEURAUD,5202,bearish,1.64646,1.6469,1.64088,loss,25,3.92,up,counter
prepositioned_limit_confirmed,2,frxEURAUD,5443,bullish,1.65196,1.65155,1.65312,loss,0,0.68,up,aligned
prepositioned_limit_confirmed,4,frxEURAUD,11482,bearish,1.62351,1.62397,1.62042,loss,2,1.71,up,counter
prepositioned_limit_confirmed,1,frxGBPAUD,2288,bearish,1.87842,1.87906,1.87707,loss,0,13.69,none,neutral
prepositioned_limit_confirmed,2,frxGBPAUD,4950,bearish,1.8837,1.8844,1.88242,loss,2,0.07,down,aligned
prepositioned_limit_confirmed,2,frxCADJPY,5418,bullish,113.8625,113.82636,114.056,loss,0,1.61,up,aligned
prepositioned_limit_confirmed,3,frxCADJPY,8718,bearish,114.6125,114.64646,114.504,loss,2,0.15,up,counter
prepositioned_limit_confirmed,4,frxCADJPY,10158,bearish,112.9,112.92397,112.788,win,1,0.23,down,aligned
prepositioned_limit_confirmed,4,frxCADJPY,11138,bullish,112.14,112.10774,112.239,loss,5,0.73,up,aligned
prepositioned_limit_confirmed,2,frxNZDJPY,3509,bearish,94.4795,94.50774,94.401,loss,0,2.36,none,neutral
prepositioned_limit_confirmed,2,frxNZDJPY,5399,bearish,91.3435,91.38189,91.285,win,1,0.16,down,aligned
prepositioned_limit_confirmed,1,cryBTCUSD,3019,bearish,58646.247,58747.27557,58479.20867,loss,0,82.35,none,neutral
prepositioned_limit_confirmed,1,cryBTCUSD,3310,bearish,62739.5155,62822.9257,62523.721,win,1,0.09,none,neutral
prepositioned_limit_confirmed,2,cryBTCUSD,3985,bearish,64184.0705,64294.57117,63633.337,loss,34,3.25,none,neutral
prepositioned_limit_confirmed,2,cryBTCUSD,4940,bullish,65173.254,65096.78676,65411.192,win,1,0.34,down,counter
prepositioned_limit_confirmed,2,cryBTCUSD,5650,bearish,63503.0295,63578.02464,63187.221,win,10,0.59,down,aligned
prepositioned_limit_confirmed,3,cryBTCUSD,6511,bearish,64912.2955,64991.19231,64712.28,win,1,0.4,up,counter
prepositioned_limit_confirmed,4,cryBTCUSD,9378,bullish,79518.8445,79460.57246,79672.148,win,1,0.23,up,aligned
prepositioned_limit_confirmed,1,cryETHUSD,2620,bearish,1576.91,1580.19564,1552.865,loss,9,3.65,none,neutral
prepositioned_limit_confirmed,2,cryETHUSD,3984,bearish,1795.45,1798.81604,1789.125,loss,5,1.09,none,neutral
prepositioned_limit_confirmed,4,cryETHUSD,11283,bearish,2692.655,2698.92557,2659.195,loss,2,1.94,down,aligned
prepositioned_limit_confirmed,1,cryLTCUSD,3266,bearish,43.705,43.79471,43.455,loss,0,2.28,none,neutral
prepositioned_limit_confirmed,2,cryLTCUSD,4548,bearish,45.3,45.36786,45.025,win,2,2.24,down,aligned
prepositioned_limit_confirmed,3,cryLTCUSD,6486,bearish,45.23,45.28307,45.105,loss,0,0.36,down,aligned
prepositioned_limit_confirmed,3,cryLTCUSD,7059,bearish,45.49,45.53743,45.285,loss,8,0.88,up,counter
prepositioned_limit_confirmed,4,cryLTCUSD,10415,bearish,51.135,51.24293,50.745,loss,2,0.64,down,aligned
prepositioned_limit_confirmed,2,cryXRPUSD,5210,bullish,1.1037,1.10155,1.1097,win,2,0.47,down,counter
prepositioned_limit_confirmed,3,cryXRPUSD,7203,bullish,1.00535,1.00337,1.0091,loss,1,0.68,up,aligned
prepositioned_limit_confirmed,3,crySOLUSD,8818,bullish,104.605,104.40414,105.01,loss,1,0.99,up,aligned
prepositioned_limit_confirmed,4,crySOLUSD,11019,bullish,116.17,115.75286,117.12,win,1,0.21,up,aligned
